Workbook

Sheet Roster
A1: Player | B1: Team | C1: Nationality / origin | D1: Suggested OVR | E1: Positions (GK / DF / MF / OF) | F1: Anime arc | G1: Verification | H1: GK | I1: DF | J1: MF | K1: OF | L1: Portrait | M1: Team Wiki Page | N1: Portrait URL | O1: Portrait source | P1: Sprite verification | Q1: Sprite wiki reference | R1: Canonical Name
A2: Endou Mamoru | B2: Raimon | C2: Japan | D2: 94 | E2: GK, DF | F2: Original / Season 1 | G2: Prototype (unverified) | H2: TRUE | I2: TRUE | J2: FALSE | K2: FALSE | L2: =IF(N2="","",IFERROR(IMAGE(N2,4,48,48),"")) | M2: =IF(B2="","",IFERROR(VLOOKUP(B2,'Team Lineups'!$A$2:$Q$123,17,FALSE),"")) -> https://inazuma-eleven.fandom.com/wiki/Raimon | N2: https://static.wikia.nocookie.net/inazuma-eleven/images/3/32/(R_IE2-IE3)_Endou_Mamoru_sprite.png/revision/latest | O2: Inazuma Eleven Wiki · (R IE2-IE3) Endou Mamoru sprite.png | P2: Earlier wiki sprite mapping — verify image
A3: Kazemaru Ichirouta | B3: Raimon | C3: Japan | D3: 87 | E3: DF, MF, OF | F3: Original / Season 1 | G3: Prototype (unverified) | H3: FALSE | I3: TRUE | J3: TRUE | K3: TRUE | L3: =IF(N3="","",IFERROR(IMAGE(N3,4,48,48),"")) | M3: =IF(B3="","",IFERROR(VLOOKUP(B3,'Team Lineups'!$A$2:$Q$123,17,FALSE),"")) -> https://inazuma-eleven.fandom.com/wiki/Raimon | N3: https://static.wikia.nocookie.net/inazuma-eleven/images/7/72/(R_IE2-IE3)_Kazemaru_Ichirouta_sprite.png/revision/latest | O3: Inazuma Eleven Wiki · (R IE2-IE3) Kazemaru Ichirouta sprite.png | P3: Earlier wiki sprite mapping — verify image
A4: Kabeyama Heigorou | B4: Raimon | C4: Japan | D4: 84 | E4: DF | F4: Original / Season 1 | G4: Prototype (unverified) | H4: FALSE | I4: TRUE | J4: FALSE | K4: FALSE | L4: =IF(N4="","",IFERROR(IMAGE(N4,4,48,48),"")) | M4: =IF(B4="","",IFERROR(VLOOKUP(B4,'Team Lineups'!$A$2:$Q$123,17,FALSE),"")) -> https://inazuma-eleven.fandom.com/wiki/Raimon | N4: https://static.wikia.nocookie.net/inazuma-eleven/images/b/ba/(R_IE2-IE3)_Kabeyama_Heigorou_sprite.png/revision/latest | O4: Inazuma Eleven Wiki · (R IE2-IE3) Kabeyama Heigorou sprite.png | P4: Earlier wiki sprite mapping — verify image
A5: Kageno Jin | B5: Raimon | C5: Japan | D5: 76 | E5: DF | F5: Original / Season 1 | G5: Added (verify team/roster) | H5: FALSE | I5: TRUE | J5: FALSE | K5: FALSE | L5: =IF(N5="","",IFERROR(IMAGE(N5,4,48,48),"")) | M5: =IF(B5="","",IFERROR(VLOOKUP(B5,'Team Lineups'!$A$2:$Q$123,17,FALSE),"")) -> https://inazuma-eleven.fandom.com/wiki/Raimon | N5: https://static.wikia.nocookie.net/inazuma-eleven/images/9/9b/(R_IE2-IE3)_Kageno_Jin_sprite.png/revision/latest | O5: Inazuma Eleven Wiki · (R IE2-IE3) Kageno Jin sprite.png | P5: Earlier wiki sprite mapping — verify image
A6: Kurimatsu Teppei | B6: Raimon | C6: Japan | D6: 79 | E6: DF, MF | F6: Original / Season 1 | G6: Prototype (unverified) | H6: FALSE | I6: TRUE | J6: TRUE | K6: FALSE | L6: =IF(N6="","",IFERROR(IMAGE(N6,4,48,48),"")) | M6: =IF(B6="","",IFERROR(VLOOKUP(B6,'Team Lineups'!$A$2:$Q$123,17,FALSE),"")) -> https://inazuma-eleven.fandom.com/wiki/Raimon | N6: https://static.wikia.nocookie.net/inazuma-eleven/images/9/97/(R_IE2-IE3)_Kurimatsu_Teppei_sprite.png/revision/latest | O6: Inazuma Eleven Wiki · (R IE2-IE3) Kurimatsu Teppei sprite.png | P6: Earlier wiki sprite mapping — verify image
A7: Handa Shinichi | B7: Raimon | C7: Japan | D7: 77 | E7: MF | F7: Original / Season 1 | G7: Prototype (unverified) | H7: FALSE | I7: FALSE | J7: TRUE | K7: FALSE | L7: =IF(N7="","",IFERROR(IMAGE(N7,4,48,48),"")) | M7: =IF(B7="","",IFERROR(VLOOKUP(B7,'Team Lineups'!$A$2:$Q$123,17,FALSE),"")) -> https://inazuma-eleven.fandom.com/wiki/Raimon | N7: https://static.wikia.nocookie.net/inazuma-eleven/images/0/04/(R_IE2-IE3)_Handa_Shinichi_sprite.png/revision/latest | O7: Inazuma Eleven Wiki · (R IE2-IE3) Handa Shinichi sprite.png | P7: Earlier wiki sprite mapping — verify image
A8: Shourinji Ayumu | B8: Raimon | C8: Japan | D8: 76 | E8: DF, MF | F8: Original / Season 1 | G8: Prototype (unverified) | H8: FALSE | I8: TRUE | J8: TRUE | K8: FALSE | L8: =IF(N8="","",IFERROR(IMAGE(N8,4,48,48),"")) | M8: =IF(B8="","",IFERROR(VLOOKUP(B8,'Team Lineups'!$A$2:$Q$123,17,FALSE),"")) -> https://inazuma-eleven.fandom.com/wiki/Raimon | N8: https://static.wikia.nocookie.net/inazuma-eleven/images/4/41/(R_IE2-IE3)_Shourinji_Ayumu_sprite.png/revision/latest | O8: Inazuma Eleven Wiki · (R IE2-IE3) Shourinji Ayumu sprite.png | P8: Earlier wiki sprite mapping — verify image
A9: Shishido Sakichi | B9: Raimon | C9: Japan | D9: 75 | E9: DF, MF | F9: Original / Season 1 | G9: Added (verify team/roster) | H9: FALSE | I9: TRUE | J9: TRUE | K9: FALSE | L9: =IF(N9="","",IFERROR(IMAGE(N9,4,48,48),"")) | M9: =IF(B9="","",IFERROR(VLOOKUP(B9,'Team Lineups'!$A$2:$Q$123,17,FALSE),"")) -> https://inazuma-eleven.fandom.com/wiki/Raimon | N9: https://static.wikia.nocookie.net/inazuma-eleven/images/5/58/(R_IE2-IE3)_Shishido_Sakichi_sprite.png/revision/latest | O9: Inazuma Eleven Wiki · (R IE2-IE3) Shishido Sakichi sprite.png | P9: Earlier wiki sprite mapping — verify image
A10: Matsuno Kuusuke | B10: Raimon | C10: Japan | D10: 79 | E10: MF, OF | F10: Original / Season 1 | G10: Added (verify team/roster) | H10: FALSE | I10: FALSE | J10: TRUE | K10: TRUE | L10: =IF(N10="","",IFERROR(IMAGE(N10,4,48,48),"")) | M10: =IF(B10="","",IFERROR(VLOOKUP(B10,'Team Lineups'!$A$2:$Q$123,17,FALSE),"")) -> https://inazuma-eleven.fandom.com/wiki/Raimon | N10: https://static.wikia.nocookie.net/inazuma-eleven/images/9/91/(R_IE2-IE3)_Matsuno_Kuusuke_sprite.png/revision/latest | O10: Inazuma Eleven Wiki · (R IE2-IE3) Matsuno Kuusuke sprite.png | P10: Earlier wiki sprite mapping — verify image
A11: Gouenji Shuuya | B11: Raimon | C11: Japan | D11: 95 | E11: OF | F11: Original / Season 1 | G11: Prototype (unverified) | H11: FALSE | I11: FALSE | J11: FALSE | K11: TRUE | L11: =IF(N11="","",IFERROR(IMAGE(N11,4,48,48),"")) | M11: =IF(B11="","",IFERROR(VLOOKUP(B11,'Team Lineups'!$A$2:$Q$123,17,FALSE),"")) -> https://inazuma-eleven.fandom.com/wiki/Raimon | N11: https://static.wikia.nocookie.net/inazuma-eleven/images/b/b8/(R_IE2-IE3)_Gouenji_Shuuya_sprite.png/revision/latest | O11: Inazuma Eleven Wiki · (R IE2-IE3) Gouenji Shuuya sprite.png | P11: Earlier wiki sprite mapping — verify image
A12: Someoka Ryuugo | B12: Raimon | C12: Japan | D12: 84 | E12: OF | F12: Original / Season 1 | G12: Prototype (unverified) | H12: FALSE | I12: FALSE | J12: FALSE | K12: TRUE | L12: =IF(N12="","",IFERROR(IMAGE(N12,4,48,48),"")) | M12: =IF(B12="","",IFERROR(VLOOKUP(B12,'Team Lineups'!$A$2:$Q$123,17,FALSE),"")) -> https://inazuma-eleven.fandom.com/wiki/Raimon | N12: https://static.wikia.nocookie.net/inazuma-eleven/images/7/72/(R_IE2-IE3)_Someoka_Ryuugo_sprite.png/revision/latest | O12: Inazuma Eleven Wiki · (R IE2-IE3) Someoka Ryuugo sprite.png | P12: Earlier wiki sprite mapping — verify image
A13: Megane Kakeru | B13: Raimon | C13: Japan | D13: 68 | E13: DF, OF | F13: Original / Season 1 | G13: Added (verify team/roster) | H13: FALSE | I13: TRUE | J13: FALSE | K13: TRUE | L13: =IF(N13="","",IFERROR(IMAGE(N13,4,48,48),"")) | M13: =IF(B13="","",IFERROR(VLOOKUP(B13,'Team Lineups'!$A$2:$Q$123,17,FALSE),"")) -> https://inazuma-eleven.fandom.com/wiki/Raimon | N13: https://static.wikia.nocookie.net/inazuma-eleven/images/2/2b/(R_IE2-IE3)_Megane_Kakeru_sprite.png/revision/latest | O13: Inazuma Eleven Wiki · (R IE2-IE3) Megane Kakeru sprite.png | P13: Earlier wiki sprite mapping — verify image
A14: Domon Asuka | B14: Raimon | C14: Japan | D14: 83 | E14: DF, MF | F14: Original / Season 1 | G14: Prototype (unverified) | H14: FALSE | I14: TRUE | J14: TRUE | K14: FALSE | L14: =IF(N14="","",IFERROR(IMAGE(N14,4,48,48),"")) | M14: =IF(B14="","",IFERROR(VLOOKUP(B14,'Team Lineups'!$A$2:$Q$123,17,FALSE),"")) -> https://inazuma-eleven.fandom.com/wiki/Raimon | N14: https://static.wikia.nocookie.net/inazuma-eleven/images/e/e1/(R_IE3)_Domon_Asuka_sprite.png/revision/latest | O14: Inazuma Eleven Wiki · (R IE3) Domon Asuka sprite.png | P14: Earlier wiki sprite mapping — verify image
A15: Kidou Yuuto | B15: Raimon | C15: Japan | D15: 94 | E15: MF, OF | F15: Original / Season 1 | G15: Prototype (unverified) | H15: FALSE | I15: FALSE | J15: TRUE | K15: TRUE | L15: =IF(N15="","",IFERROR(IMAGE(N15,4,48,48),"")) | M15: =IF(B15="","",IFERROR(VLOOKUP(B15,'Team Lineups'!$A$2:$Q$123,17,FALSE),"")) -> https://inazuma-eleven.fandom.com/wiki/Raimon | N15: https://static.wikia.nocookie.net/inazuma-eleven/images/a/a0/(R_IE2-IE3)_Kidou_Yuuto_sprite.png/revision/latest | O15: Inazuma Eleven Wiki · (R IE2-IE3) Kidou Yuuto sprite.png | P15: Earlier wiki sprite mapping — verify image
A16: Ichinose Kazuya | B16: Raimon | C16: Japan | D16: 90 | E16: MF | F16: Original / Season 1 | G16: Prototype (unverified) | H16: FALSE | I16: FALSE | J16: TRUE | K16: FALSE | L16: =IF(N16="","",IFERROR(IMAGE(N16,4,48,48),"")) | M16: =IF(B16="","",IFERROR(VLOOKUP(B16,'Team Lineups'!$A$2:$Q$123,17,FALSE),"")) -> https://inazuma-eleven.fandom.com/wiki/Raimon | N16: https://static.wikia.nocookie.net/inazuma-eleven/images/7/74/(R_IE2-IE3)_Ichinose_Kazuya_sprite.png/revision/latest | O16: Inazuma Eleven Wiki · (R IE2-IE3) Ichinose Kazuya sprite.png | P16: Earlier wiki sprite mapping — verify image
A17: Endou Mamoru | B17: Raimon A Team | C17: Japan | D17: 94 | E17: GK, DF | F17: Original / Season 1 | G17: Wiki documented member/reserve; OVR and role suggested | H17: TRUE | I17: TRUE | J17: FALSE | K17: FALSE | L17: =IF(N17="","",IFERROR(IMAGE(N17,4,48,48),"")) | M17: =IF(B17="","",IFERROR(VLOOKUP(B17,'Team Lineups'!$A$2:$Q$123,17,FALSE),"")) -> https://inazuma-eleven.fandom.com/wiki/Raimon | N17: https://static.wikia.nocookie.net/inazuma-eleven/images/3/32/(R_IE2-IE3)_Endou_Mamoru_sprite.png/revision/latest | O17: Inazuma Eleven Wiki · Reused portrait from source character; team appearance may vary | P17: Reused portrait from source character; team appearance may vary | Q17: Existing player sprite source | R17: Endou Mamoru
A18: Kazemaru Ichirouta | B18: Raimon A Team | C18: Japan | D18: 87 | E18: DF, MF, OF | F18: Original / Season 1 | G18: Wiki documented member/reserve; OVR and role suggested | H18: FALSE | I18: TRUE | J18: TRUE | K18: TRUE | L18: =IF(N18="","",IFERROR(IMAGE(N18,4,48,48),"")) | M18: =IF(B18="","",IFERROR(VLOOKUP(B18,'Team Lineups'!$A$2:$Q$123,17,FALSE),"")) -> https://inazuma-eleven.fandom.com/wiki/Raimon | N18: https://static.wikia.nocookie.net/inazuma-eleven/images/7/72/(R_IE2-IE3)_Kazemaru_Ichirouta_sprite.png/revision/latest | O18: Inazuma Eleven Wiki · Reused portrait from source character; team appearance may vary | P18: Reused portrait from source character; team appearance may vary | Q18: Existing player sprite source | R18: Kazemaru Ichirouta
A19: Kabeyama Heigorou | B19: Raimon A Team | C19: Japan | D19: 84 | E19: DF | F19: Original / Season 1 | G19: Wiki documented member/reserve; OVR and role suggested | H19: FALSE | I19: TRUE | J19: FALSE | K19: FALSE | L19: =IF(N19="","",IFERROR(IMAGE(N19,4,48,48),"")) | M19: =IF(B19="","",IFERROR(VLOOKUP(B19,'Team Lineups'!$A$2:$Q$123,17,FALSE),"")) -> https://inazuma-eleven.fandom.com/wiki/Raimon | N19: https://static.wikia.nocookie.net/inazuma-eleven/images/b/ba/(R_IE2-IE3)_Kabeyama_Heigorou_sprite.png/revision/latest | O19: Inazuma Eleven Wiki · Reused portrait from source character; team appearance may vary | P19: Reused portrait from source character; team appearance may vary | Q19: Existing player sprite source | R19: Kabeyama Heigorou
A20: Kageno Jin | B20: Raimon A Team | C20: Japan | D20: 76 | E20: DF | F20: Original / Season 1 | G20: Wiki documented member/reserve; OVR and role suggested | H20: FALSE | I20: TRUE | J20: FALSE | K20: FALSE | L20: =IF(N20="","",IFERROR(IMAGE(N20,4,48,48),"")) | M20: =IF(B20="","",IFERROR(VLOOKUP(B20,'Team Lineups'!$A$2:$Q$123,17,FALSE),"")) -> https://inazuma-eleven.fandom.com/wiki/Raimon | N20: https://static.wikia.nocookie.net/inazuma-eleven/images/9/9b/(R_IE2-IE3)_Kageno_Jin_sprite.png/revision/latest | O20: Inazuma Eleven Wiki · Reused portrait from source character; team appearance may vary | P20: Reused portrait from source character; team appearance may vary | Q20: Existing player sprite source | R20: Kageno Jin
A21: Kurimatsu Teppei | B21: Raimon A Team | C21: Japan | D21: 79 | E21: DF, MF | F21: Original / Season 1 | G21: Wiki documented member/reserve; OVR and role suggested | H21: FALSE | I21: TRUE | J21: TRUE | K21: FALSE | L21: =IF(N21="","",IFERROR(IMAGE(N21,4,48,48),"")) | M21: =IF(B21="","",IFERROR(VLOOKUP(B21,'Team Lineups'!$A$2:$Q$123,17,FALSE),"")) -> https://inazuma-eleven.fandom.com/wiki/Raimon | N21: https://static.wikia.nocookie.net/inazuma-eleven/images/9/97/(R_IE2-IE3)_Kurimatsu_Teppei_sprite.png/revision/latest | O21: Inazuma Eleven Wiki · Reused portrait from source character; team appearance may vary | P21: Reused portrait from source character; team appearance may vary | Q21: Existing player sprite source | R21: Kurimatsu Teppei
A22: Handa Shinichi | B22: Raimon A Team | C22: Japan | D22: 77 | E22: MF | F22: Original / Season 1 | G22: Wiki documented member/reserve; OVR and role suggested | H22: FALSE | I22: FALSE | J22: TRUE | K22: FALSE | L22: =IF(N22="","",IFERROR(IMAGE(N22,4,48,48),"")) | M22: =IF(B22="","",IFERROR(VLOOKUP(B22,'Team Lineups'!$A$2:$Q$123,17,FALSE),"")) -> https://inazuma-eleven.fandom.com/wiki/Raimon | N22: https://static.wikia.nocookie.net/inazuma-eleven/images/0/04/(R_IE2-IE3)_Handa_Shinichi_sprite.png/revision/latest | O22: Inazuma Eleven Wiki · Reused portrait from source character; team appearance may vary | P22: Reused portrait from source character; team appearance may vary | Q22: Existing player sprite source | R22: Handa Shinichi
A23: Shourinji Ayumu | B23: Raimon A Team | C23: Japan | D23: 76 | E23: DF, MF | F23: Original / Season 1 | G23: Wiki documented member/reserve; OVR and role suggested | H23: FALSE | I23: TRUE | J23: TRUE | K23: FALSE | L23: =IF(N23="","",IFERROR(IMAGE(N23,4,48,48),"")) | M23: =IF(B23="","",IFERROR(VLOOKUP(B23,'Team Lineups'!$A$2:$Q$123,17,FALSE),"")) -> https://inazuma-eleven.fandom.com/wiki/Raimon | N23: https://static.wikia.nocookie.net/inazuma-eleven/images/4/41/(R_IE2-IE3)_Shourinji_Ayumu_sprite.png/revision/latest | O23: Inazuma Eleven Wiki · Reused portrait from source character; team appearance may vary | P23: Reused portrait from source character; team appearance may vary | Q23: Existing player sprite source | R23: Shourinji Ayumu
A24: Shishido Sakichi | B24: Raimon A Team | C24: Japan | D24: 75 | E24: DF, MF | F24: Original / Season 1 | G24: Wiki documented member/reserve; OVR and role suggested | H24: FALSE | I24: TRUE | J24: TRUE | K24: FALSE | L24: =IF(N24="","",IFERROR(IMAGE(N24,4,48,48),"")) | M24: =IF(B24="","",IFERROR(VLOOKUP(B24,'Team Lineups'!$A$2:$Q$123,17,FALSE),"")) -> https://inazuma-eleven.fandom.com/wiki/Raimon | N24: https://static.wikia.nocookie.net/inazuma-eleven/images/5/58/(R_IE2-IE3)_Shishido_Sakichi_sprite.png/revision/latest | O24: Inazuma Eleven Wiki · Reused portrait from source character; team appearance may vary | P24: Reused portrait from source character; team appearance may vary | Q24: Existing player sprite source | R24: Shishido Sakichi
A25: Matsuno Kuusuke | B25: Raimon A Team | C25: Japan | D25: 79 | E25: MF, OF | F25: Original / Season 1 | G25: Wiki documented member/reserve; OVR and role suggested | H25: FALSE | I25: FALSE | J25: TRUE | K25: TRUE | L25: =IF(N25="","",IFERROR(IMAGE(N25,4,48,48),"")) | M25: =IF(B25="","",IFERROR(VLOOKUP(B25,'Team Lineups'!$A$2:$Q$123,17,FALSE),"")) -> https://inazuma-eleven.fandom.com/wiki/Raimon | N25: https://static.wikia.nocookie.net/inazuma-eleven/images/9/91/(R_IE2-IE3)_Matsuno_Kuusuke_sprite.png/revision/latest | O25: Inazuma Eleven Wiki · Reused portrait from source character; team appearance may vary | P25: Reused portrait from source character; team appearance may vary | Q25: Existing player sprite source | R25: Matsuno Kuusuke
A26: Gouenji Shuuya | B26: Raimon A Team | C26: Japan | D26: 95 | E26: OF | F26: Original / Season 1 | G26: Wiki documented member/reserve; OVR and role suggested | H26: FALSE | I26: FALSE | J26: FALSE | K26: TRUE | L26: =IF(N26="","",IFERROR(IMAGE(N26,4,48,48),"")) | M26: =IF(B26="","",IFERROR(VLOOKUP(B26,'Team Lineups'!$A$2:$Q$123,17,FALSE),"")) -> https://inazuma-eleven.fandom.com/wiki/Raimon | N26: https://static.wikia.nocookie.net/inazuma-eleven/images/b/b8/(R_IE2-IE3)_Gouenji_Shuuya_sprite.png/revision/latest | O26: Inazuma Eleven Wiki · Reused portrait from source character; team appearance may vary | P26: Reused portrait from source character; team appearance may vary | Q26: Existing player sprite source | R26: Gouenji Shuuya
A27: Someoka Ryuugo | B27: Raimon A Team | C27: Japan | D27: 84 | E27: OF | F27: Original / Season 1 | G27: Wiki documented member/reserve; OVR and role suggested | H27: FALSE | I27: FALSE | J27: FALSE | K27: TRUE | L27: =IF(N27="","",IFERROR(IMAGE(N27,4,48,48),"")) | M27: =IF(B27="","",IFERROR(VLOOKUP(B27,'Team Lineups'!$A$2:$Q$123,17,FALSE),"")) -> https://inazuma-eleven.fandom.com/wiki/Raimon | N27: https://static.wikia.nocookie.net/inazuma-eleven/images/7/72/(R_IE2-IE3)_Someoka_Ryuugo_sprite.png/revision/latest | O27: Inazuma Eleven Wiki · Reused portrait from source character; team appearance may vary | P27: Reused portrait from source character; team appearance may vary | Q27: Existing player sprite source | R27: Someoka Ryuugo
A28: Genda Koujirou | B28: Teikoku Gakuen | C28: Japan | D28: 88 | E28: GK | F28: Original / Season 1 | G28: Prototype (unverified) | H28: TRUE | I28: FALSE | J28: FALSE | K28: FALSE | L28: =IF(N28="","",IFERROR(IMAGE(N28,4,48,48),"")) | M28: =IF(B28="","",IFERROR(VLOOKUP(B28,'Team Lineups'!$A$2:$Q$123,17,FALSE),"")) -> https://inazuma-eleven.fandom.com/wiki/Teikoku_Gakuen | N28: https://static.wikia.nocookie.net/inazuma-eleven/images/1/12/%28TG_IE2-IE3%29_Genda_Koujirou_sprite.png/revision/latest?cb=20230827091508 | O28: Inazuma Eleven Wiki · (TG IE2-IE3) Genda Koujirou sprite.png | P28: Exact user-supplied wiki sprite — correct team uniform | Q28: https://inazuma-eleven.fandom.com/wiki/Genda_Koujirou
A29: Oono Densuke | B29: Teikoku Gakuen | C29: Japan | D29: 75 | E29: DF | F29: Original / Season 1 | G29: Added (verify team/roster) | H29: FALSE | I29: TRUE | J29: FALSE | K29: FALSE | L29: =IF(N29="","",IFERROR(IMAGE(N29,4,48,48),"")) | M29: =IF(B29="","",IFERROR(VLOOKUP(B29,'Team Lineups'!$A$2:$Q$123,17,FALSE),"")) -> https://inazuma-eleven.fandom.com/wiki/Teikoku_Gakuen | N29: https://static.wikia.nocookie.net/inazuma-eleven/images/9/9b/(TG)_Oono_Densuke_sprite.png/revision/latest | O29: Inazuma Eleven Wiki · (TG) Oono Densuke sprite.png · candidate (check image) | P29: Candidate URL — needs visual check
A30: Banjou Kazumichi | B30: Teikoku Gakuen | C30: Japan | D30: 78 | E30: DF | F30: Original / Season 1 | G30: Added (verify team/roster) | H30: FALSE | I30: TRUE | J30: FALSE | K30: FALSE | L30: =IF(N30="","",IFERROR(IMAGE(N30,4,48,48),"")) | M30: =IF(B30="","",IFERROR(VLOOKUP(B30,'Team Lineups'!$A$2:$Q$123,17,FALSE),"")) -> https://inazuma-eleven.fandom.com/wiki/Teikoku_Gakuen | N30: https://static.wikia.nocookie.net/inazuma-eleven/images/1/1a/(TG)_Banjou_Kazumichi_sprite.png/revision/latest | O30: Inazuma Eleven Wiki · (TG) Banjou Kazumichi sprite.png · candidate (check image) | P30: Candidate URL — needs visual check
A31: Narukami Kenya | B31: Teikoku Gakuen | C31: Japan | D31: 79 | E31: OF | F31: Original / Season 1 | G31: Prototype (unverified) | H31: FALSE | I31: FALSE | J31: FALSE | K31: TRUE | L31: =IF(N31="","",IFERROR(IMAGE(N31,4,48,48),"")) | M31: =IF(B31="","",IFERROR(VLOOKUP(B31,'Team Lineups'!$A$2:$Q$123,17,FALSE),"")) -> https://inazuma-eleven.fandom.com/wiki/Teikoku_Gakuen | N31: https://static.wikia.nocookie.net/inazuma-eleven/images/b/bb/(TG)_Narukami_Kenya_sprite.png/revision/latest | O31: Inazuma Eleven Wiki · (TG) Narukami Kenya sprite.png · candidate (check image) | P31: Candidate URL — needs visual check
A32: Gojou Masaru | B32: Teikoku Gakuen | C32: Japan | D32: 78 | E32: DF | F32: Original / Season 1 | G32: Added (verify team/roster) | H32: FALSE | I32: TRUE | J32: FALSE | K32: FALSE | L32: =IF(N32="","",IFERROR(IMAGE(N32,4,48,48),"")) | M32: =IF(B32="","",IFERROR(VLOOKUP(B32,'Team Lineups'!$A$2:$Q$123,17,FALSE),"")) -> https://inazuma-eleven.fandom.com/wiki/Teikoku_Gakuen | N32: https://static.wikia.nocookie.net/inazuma-eleven/images/1/13/(TG)_Gojou_Masaru_sprite.png/revision/latest | O32: Inazuma Eleven Wiki · (TG) Gojou Masaru sprite.png · candidate (check image) | P32: Candidate URL — needs visual check
A33: Henmi Wataru | B33: Teikoku Gakuen | C33: Japan | D33: 80 | E33: DF, MF | F33: Original / Season 1 | G33: Prototype (unverified) | H33: FALSE | I33: TRUE | J33: TRUE | K33: FALSE | L33: =IF(N33="","",IFERROR(IMAGE(N33,4,48,48),"")) | M33: =IF(B33="","",IFERROR(VLOOKUP(B33,'Team Lineups'!$A$2:$Q$123,17,FALSE),"")) -> https://inazuma-eleven.fandom.com/wiki/Teikoku_Gakuen | N33: https://static.wikia.nocookie.net/inazuma-eleven/images/1/13/(TG)_Henmi_Wataru_sprite.png/revision/latest | O33: Inazuma Eleven Wiki · (TG) Henmi Wataru sprite.png · candidate (check image) | P33: Candidate URL — needs visual check
A34: Sakiyama Shuuji | B34: Teikoku Gakuen | C34: Japan | D34: 76 | E34: MF | F34: Original / Season 1 | G34: Wiki member; OVR/positions provisional | H34: FALSE | I34: FALSE | J34: TRUE | K34: FALSE | L34: =IF(N34="","",IFERROR(IMAGE(N34,4,48,48),"")) | M34: =IF(B34="","",IFERROR(VLOOKUP(B34,'Team Lineups'!$A$2:$Q$123,17,FALSE),"")) -> https://inazuma-eleven.fandom.com/wiki/Teikoku_Gakuen | N34: https://static.wikia.nocookie.net/inazuma-eleven/images/1/16/(TG)_Sakiyama_Shuuji_sprite.png/revision/latest | O34: Inazuma Eleven Wiki · (TG) Sakiyama Shuuji sprite.png · candidate (check image) | P34: Candidate URL — needs visual check
A35: Doumen Shuuichirou | B35: Teikoku Gakuen | C35: Japan | D35: 77 | E35: DF | F35: Original / Season 1 | G35: Prototype (unverified) | H35: FALSE | I35: TRUE | J35: FALSE | K35: FALSE | L35: =IF(N35="","",IFERROR(IMAGE(N35,4,48,48),"")) | M35: =IF(B35="","",IFERROR(VLOOKUP(B35,'Team Lineups'!$A$2:$Q$123,17,FALSE),"")) -> https://inazuma-eleven.fandom.com/wiki/Teikoku_Gakuen | N35: https://static.wikia.nocookie.net/inazuma-eleven/images/d/d3/(TG)_Doumen_Shuuichirou_sprite.png/revision/latest | O35: Inazuma Eleven Wiki · (TG) Doumen Shuuichirou sprite.png · candidate (check image) | P35: Candidate URL — needs visual check
A36: Jimon Daiki | B36: Teikoku Gakuen | C36: Japan | D36: 81 | E36: OF | F36: Original / Season 1 | G36: Prototype (unverified) | H36: FALSE | I36: FALSE | J36: FALSE | K36: TRUE | L36: =IF(N36="","",IFERROR(IMAGE(N36,4,48,48),"")) | M36: =IF(B36="","",IFERROR(VLOOKUP(B36,'Team Lineups'!$A$2:$Q$123,17,FALSE),"")) -> https://inazuma-eleven.fandom.com/wiki/Teikoku_Gakuen | N36: https://static.wikia.nocookie.net/inazuma-eleven/images/4/4a/(TG)_Jimon_Daiki_sprite.png/revision/latest | O36: Inazuma Eleven Wiki · (TG) Jimon Daiki sprite.png · candidate (check image) | P36: Candidate URL — needs visual check
A37: Kidou Yuuto | B37: Teikoku Gakuen | C37: Japan | D37: 94 | E37: MF, OF | F37: Original / Season 1 | G37: Prototype (unverified) | H37: FALSE | I37: FALSE | J37: TRUE | K37: TRUE | L37: =IF(N37="","",IFERROR(IMAGE(N37,4,48,48),"")) | M37: =IF(B37="","",IFERROR(VLOOKUP(B37,'Team Lineups'!$A$2:$Q$123,17,FALSE),"")) -> https://inazuma-eleven.fandom.com/wiki/Teikoku_Gakuen | N37: https://static.wikia.nocookie.net/inazuma-eleven/images/f/f9/(TG_IE2-IE3)_Kidou_Yuuto_sprite.png/revision/latest | O37: Inazuma Eleven Wiki · (TG IE2-IE3) Kidou Yuuto sprite.png | P37: Wiki page lists exact Teikoku uniform filename
A38: Sakuma Jirou | B38: Teikoku Gakuen | C38: Japan | D38: 86 | E38: MF, OF | F38: Original / Season 1 | G38: Prototype (unverified) | H38: FALSE | I38: FALSE | J38: TRUE | K38: TRUE | L38: =IF(N38="","",IFERROR(IMAGE(N38,4,48,48),"")) | M38: =IF(B38="","",IFERROR(VLOOKUP(B38,'Team Lineups'!$A$2:$Q$123,17,FALSE),"")) -> https://inazuma-eleven.fandom.com/wiki/Teikoku_Gakuen | N38: https://static.wikia.nocookie.net/inazuma-eleven/images/3/39/%28TG_IE2-IE3%29_Sakuma_Jirou_sprite.png/revision/latest?cb=20230827093642 | O38: Inazuma Eleven Wiki · (TG IE2-IE3) Sakuma Jirou sprite.png | P38: Exact user-supplied wiki sprite — correct team uniform | Q38: https://inazuma-eleven.fandom.com/wiki/Sakuma_Jirou
A39: Hyoudou Yuuhei | B39: Teikoku Gakuen | C39: Japan | D39: 78 | E39: GK, DF | F39: Original / Season 1 | G39: Wiki member; OVR/positions provisional | H39: TRUE | I39: TRUE | J39: FALSE | K39: FALSE | L39: =IF(N39="","",IFERROR(IMAGE(N39,4,48,48),"")) | M39: =IF(B39="","",IFERROR(VLOOKUP(B39,'Team Lineups'!$A$2:$Q$123,17,FALSE),"")) -> https://inazuma-eleven.fandom.com/wiki/Teikoku_Gakuen | N39: https://static.wikia.nocookie.net/inazuma-eleven/images/d/d2/(TG)_Hyoudou_Yuuhei_sprite.png/revision/latest | O39: Inazuma Eleven Wiki · (TG) Hyoudou Yuuhei sprite.png · candidate (check image) | P39: Candidate URL — needs visual check
A40: Ena Kazuki | B40: Teikoku Gakuen | C40: Japan | D40: 80 | E40: OF | F40: Original / Season 1 | G40: Wiki member; OVR/positions provisional | H40: FALSE | I40: FALSE | J40: FALSE | K40: TRUE | L40: =IF(N40="","",IFERROR(IMAGE(N40,4,48,48),"")) | M40: =IF(B40="","",IFERROR(VLOOKUP(B40,'Team Lineups'!$A$2:$Q$123,17,FALSE),"")) -> https://inazuma-eleven.fandom.com/wiki/Teikoku_Gakuen | N40: https://static.wikia.nocookie.net/inazuma-eleven/images/7/70/(TG)_Ena_Kazuki_sprite.png/revision/latest | O40: Inazuma Eleven Wiki · (TG) Ena Kazuki sprite.png · candidate (check image) | P40: Candidate URL — needs visual check
A41: Mukumoto Kei | B41: Teikoku Gakuen | C41: Japan | D41: 80 | E41: OF | F41: Original / Season 1 | G41: Wiki member; OVR/positions provisional | H41: FALSE | I41: FALSE | J41: FALSE | K41: TRUE | L41: =IF(N41="","",IFERROR(IMAGE(N41,4,48,48),"")) | M41: =IF(B41="","",IFERROR(VLOOKUP(B41,'Team Lineups'!$A$2:$Q$123,17,FALSE),"")) -> https://inazuma-eleven.fandom.com/wiki/Teikoku_Gakuen | N41: https://static.wikia.nocookie.net/inazuma-eleven/images/0/04/(TG)_Mukumoto_Kei_sprite.png/revision/latest | O41: Inazuma Eleven Wiki · (TG) Mukumoto Kei sprite.png · candidate (check image) | P41: Candidate URL — needs visual check
A42: Shibuki Shoudai | B42: Teikoku Gakuen | C42: Japan | D42: 80 | E42: MF | F42: Original / Season 1 | G42: Wiki member; OVR/positions provisional | H42: FALSE | I42: FALSE | J42: TRUE | K42: FALSE | L42: =IF(N42="","",IFERROR(IMAGE(N42,4,48,48),"")) | M42: =IF(B42="","",IFERROR(VLOOKUP(B42,'Team Lineups'!$A$2:$Q$123,17,FALSE),"")) -> https://inazuma-eleven.fandom.com/wiki/Teikoku_Gakuen | N42: https://static.wikia.nocookie.net/inazuma-eleven/images/3/32/(TG)_Shibuki_Shoudai_sprite.png/revision/latest | O42: Inazuma Eleven Wiki · (TG) Shibuki Shoudai sprite.png · candidate (check image) | P42: Candidate URL — needs visual check
A43: Ookusu Seiji | B43: Teikoku Gakuen | C43: Japan | D43: 80 | E43: OF | F43: Original / Season 1 | G43: Wiki member; OVR/positions provisional | H43: FALSE | I43: FALSE | J43: FALSE | K43: TRUE | L43: =IF(N43="","",IFERROR(IMAGE(N43,4,48,48),"")) | M43: =IF(B43="","",IFERROR(VLOOKUP(B43,'Team Lineups'!$A$2:$Q$123,17,FALSE),"")) -> https://inazuma-eleven.fandom.com/wiki/Teikoku_Gakuen | N43: https://static.wikia.nocookie.net/inazuma-eleven/images/9/99/(TG)_Ookusu_Seiji_sprite.png/revision/latest | O43: Inazuma Eleven Wiki · (TG) Ookusu Seiji sprite.png · candidate (check image) | P43: Candidate URL — needs visual check
A44: Fudou Akio | B44: Teikoku Gakuen | C44: Japan | D44: 89 | E44: MF | F44: Original / Season 1 | G44: Prototype (unverified) | H44: FALSE | I44: FALSE | J44: TRUE | K44: FALSE | L44: =IF(N44="","",IFERROR(IMAGE(N44,4,48,48),"")) | M44: =IF(B44="","",IFERROR(VLOOKUP(B44,'Team Lineups'!$A$2:$Q$123,17,FALSE),"")) -> https://inazuma-eleven.fandom.com/wiki/Teikoku_Gakuen | N44: https://static.wikia.nocookie.net/inazuma-eleven/images/c/c9/(TG)_Fudou_Akio_sprite.png/revision/latest | O44: Inazuma Eleven Wiki · (TG) Fudou Akio sprite.png · candidate (check image) | P44: Candidate URL — needs visual check
A45: Nata Juuzou | B45: Occult | C45: Japan | D45: 68 | E45: GK | F45: Original / Season 1 | G45: Roster sourced; position/OVR estimated | H45: TRUE | I45: FALSE | J45: FALSE | K45: FALSE | L45: =IF(N45="","",IFERROR(IMAGE(N45,4,48,48),"")) | M45: =IF(B45="","",IFERROR(VLOOKUP(B45,'Team Lineups'!$A$2:$Q$123,17,FALSE),"")) -> https://inazuma-eleven.fandom.com/wiki/Occult | N45: https://static.wikia.nocookie.net/inazuma-eleven/images/0/06/%28O%29_Nata_Juuzou_sprite.png/revision/latest?cb=20230909120007 | O45: Inazuma Eleven Wiki · (O) Nata Juuzou sprite.png | P45: Exact user-supplied wiki sprite | Q45: https://inazuma-eleven.fandom.com/wiki/Nata_Juuzou
A46: Sanzu Wataru | B46: Occult | C46: Japan | D46: 68 | E46: DF | F46: Original / Season 1 | G46: Roster sourced; position/OVR estimated | H46: FALSE | I46: TRUE | J46: FALSE | K46: FALSE | L46: =IF(N46="","",IFERROR(IMAGE(N46,4,48,48),"")) | M46: =IF(B46="","",IFERROR(VLOOKUP(B46,'Team Lineups'!$A$2:$Q$123,17,FALSE),"")) -> https://inazuma-eleven.fandom.com/wiki/Occult | N46: https://static.wikia.nocookie.net/inazuma-eleven/images/b/bb/(O)_Sanzu_Wataru_sprite.png/revision/latest | O46: Inazuma Eleven Wiki · (O) Sanzu Wataru sprite.png · generated filename | P46: Candidate URL — confirmed team prefix; filename/image not verified
A47: Yanagida Shigeru | B47: Occult | C47: Japan | D47: 68 | E47: DF | F47: Original / Season 1 | G47: Roster sourced; position/OVR estimated | H47: FALSE | I47: TRUE | J47: FALSE | K47: FALSE | L47: =IF(N47="","",IFERROR(IMAGE(N47,4,48,48),"")) | M47: =IF(B47="","",IFERROR(VLOOKUP(B47,'Team Lineups'!$A$2:$Q$123,17,FALSE),"")) -> https://inazuma-eleven.fandom.com/wiki/Occult | N47: https://static.wikia.nocookie.net/inazuma-eleven/images/7/71/(O)_Yanagida_Shigeru_sprite.png/revision/latest | O47: Inazuma Eleven Wiki · (O) Yanagida Shigeru sprite.png · generated filename | P47: Candidate URL — confirmed team prefix; filename/image not verified
A48: Furan Ken | B48: Occult | C48: Japan | D48: 68 | E48: DF | F48: Original / Season 1 | G48: Roster sourced; position/OVR estimated | H48: FALSE | I48: TRUE | J48: FALSE | K48: FALSE | L48: =IF(N48="","",IFERROR(IMAGE(N48,4,48,48),"")) | M48: =IF(B48="","",IFERROR(VLOOKUP(B48,'Team Lineups'!$A$2:$Q$123,17,FALSE),"")) -> https://inazuma-eleven.fandom.com/wiki/Occult | N48: https://static.wikia.nocookie.net/inazuma-eleven/images/f/fb/(O)_Furan_Ken_sprite.png/revision/latest | O48: Inazuma Eleven Wiki · (O) Furan Ken sprite.png · generated filename | P48: Candidate URL — confirmed team prefix; filename/image not verified
A49: Shikabane Fujimi | B49: Occult | C49: Japan | D49: 68 | E49: MF | F49: Original / Season 1 | G49: Roster sourced; position/OVR estimated | H49: FALSE | I49: FALSE | J49: TRUE | K49: FALSE | L49: =IF(N49="","",IFERROR(IMAGE(N49,4,48,48),"")) | M49: =IF(B49="","",IFERROR(VLOOKUP(B49,'Team Lineups'!$A$2:$Q$123,17,FALSE),"")) -> https://inazuma-eleven.fandom.com/wiki/Occult | N49: https://static.wikia.nocookie.net/inazuma-eleven/images/3/3c/(O)_Shikabane_Fujimi_sprite.png/revision/latest | O49: Inazuma Eleven Wiki · (O) Shikabane Fujimi sprite.png · generated filename | P49: Candidate URL — confirmed team prefix; filename/image not verified
A50: Reigen Michihisa | B50: Occult | C50: Japan | D50: 68 | E50: MF | F50: Original / Season 1 | G50: Roster sourced; position/OVR estimated | H50: FALSE | I50: FALSE | J50: TRUE | K50: FALSE | L50: =IF(N50="","",IFERROR(IMAGE(N50,4,48,48),"")) | M50: =IF(B50="","",IFERROR(VLOOKUP(B50,'Team Lineups'!$A$2:$Q$123,17,FALSE),"")) -> https://inazuma-eleven.fandom.com/wiki/Occult | N50: https://static.wikia.nocookie.net/inazuma-eleven/images/7/7d/(O)_Reigen_Michihisa_sprite.png/revision/latest | O50: Inazuma Eleven Wiki · (O) Reigen Michihisa sprite.png · generated filename | P50: Candidate URL — confirmed team prefix; filename/image not verified
A51: Kinoi Mami | B51: Occult | C51: Japan | D51: 68 | E51: MF | F51: Original / Season 1 | G51: Roster sourced; position/OVR estimated | H51: FALSE | I51: FALSE | J51: TRUE | K51: FALSE | L51: =IF(N51="","",IFERROR(IMAGE(N51,4,48,48),"")) | M51: =IF(B51="","",IFERROR(VLOOKUP(B51,'Team Lineups'!$A$2:$Q$123,17,FALSE),"")) -> https://inazuma-eleven.fandom.com/wiki/Occult | N51: https://static.wikia.nocookie.net/inazuma-eleven/images/9/9d/(O)_Kinoi_Mami_sprite.png/revision/latest | O51: Inazuma Eleven Wiki · (O) Kinoi Mami sprite.png · generated filename | P51: Candidate URL — confirmed team prefix; filename/image not verified
A52: Yatsuhaka Tataru | B52: Occult | C52: Japan | D52: 68 | E52: MF | F52: Original / Season 1 | G52: Roster sourced; position/OVR estimated | H52: FALSE | I52: FALSE | J52: TRUE | K52: FALSE | L52: =IF(N52="","",IFERROR(IMAGE(N52,4,48,48),"")) | M52: =IF(B52="","",IFERROR(VLOOKUP(B52,'Team Lineups'!$A$2:$Q$123,17,FALSE),"")) -> https://inazuma-eleven.fandom.com/wiki/Occult | N52: https://static.wikia.nocookie.net/inazuma-eleven/images/f/f4/(O)_Yatsuhaka_Tataru_sprite.png/revision/latest | O52: Inazuma Eleven Wiki · (O) Yatsuhaka Tataru sprite.png · generated filename | P52: Candidate URL — confirmed team prefix; filename/image not verified
A53: Yuukoku Hiroyuki | B53: Occult | C53: Japan | D53: 83 | E53: MF, OF | F53: Original / Season 1 | G53: Added (verify team/roster) | H53: FALSE | I53: FALSE | J53: TRUE | K53: TRUE | L53: =IF(N53="","",IFERROR(IMAGE(N53,4,48,48),"")) | M53: =IF(B53="","",IFERROR(VLOOKUP(B53,'Team Lineups'!$A$2:$Q$123,17,FALSE),"")) -> https://inazuma-eleven.fandom.com/wiki/Occult | N53: https://static.wikia.nocookie.net/inazuma-eleven/images/2/2c/(O)_Yuukoku_Hiroyuki_sprite.png/revision/latest | O53: Inazuma Eleven Wiki · (O) Yuukoku Hiroyuki sprite.png · generated filename | P53: Candidate URL — confirmed team prefix; filename/image not verified
A54: Tsukimura Kenichi | B54: Occult | C54: Japan | D54: 68 | E54: OF | F54: Original / Season 1 | G54: Roster sourced; position/OVR estimated | H54: FALSE | I54: FALSE | J54: FALSE | K54: TRUE | L54: =IF(N54="","",IFERROR(IMAGE(N54,4,48,48),"")) | M54: =IF(B54="","",IFERROR(VLOOKUP(B54,'Team Lineups'!$A$2:$Q$123,17,FALSE),"")) -> https://inazuma-eleven.fandom.com/wiki/Occult | N54: https://static.wikia.nocookie.net/inazuma-eleven/images/c/c2/(O)_Tsukimura_Kenichi_sprite.png/revision/latest | O54: Inazuma Eleven Wiki · (O) Tsukimura Kenichi sprite.png · generated filename | P54: Candidate URL — confirmed team prefix; filename/image not verified
A55: Burado Kiba | B55: Occult | C55: Japan | D55: 68 | E55: OF | F55: Original / Season 1 | G55: Roster sourced; position/OVR estimated | H55: FALSE | I55: FALSE | J55: FALSE | K55: TRUE | L55: =IF(N55="","",IFERROR(IMAGE(N55,4,48,48),"")) | M55: =IF(B55="","",IFERROR(VLOOKUP(B55,'Team Lineups'!$A$2:$Q$123,17,FALSE),"")) -> https://inazuma-eleven.fandom.com/wiki/Occult | N55: https://static.wikia.nocookie.net/inazuma-eleven/images/2/24/(O)_Burado_Kiba_sprite.png/revision/latest | O55: Inazuma Eleven Wiki · (O) Burado Kiba sprite.png · generated filename | P55: Candidate URL — confirmed team prefix; filename/image not verified
A56: Fushi Matsuru | B56: Occult | C56: Japan | D56: 68 | E56: GK, DF | F56: Original / Season 1 | G56: Roster sourced; position/OVR estimated | H56: TRUE | I56: TRUE | J56: FALSE | K56: FALSE | L56: =IF(N56="","",IFERROR(IMAGE(N56,4,48,48),"")) | M56: =IF(B56="","",IFERROR(VLOOKUP(B56,'Team Lineups'!$A$2:$Q$123,17,FALSE),"")) -> https://inazuma-eleven.fandom.com/wiki/Occult | N56: https://static.wikia.nocookie.net/inazuma-eleven/images/8/87/(O)_Fushi_Matsuru_sprite.png/revision/latest | O56: Inazuma Eleven Wiki · (O) Fushi Matsuru sprite.png · generated filename | P56: Candidate URL — confirmed team prefix; filename/image not verified
A57: Hitogata Gen | B57: Occult | C57: Japan | D57: 68 | E57: OF | F57: Original / Season 1 | G57: Roster sourced; position/OVR estimated | H57: FALSE | I57: FALSE | J57: FALSE | K57: TRUE | L57: =IF(N57="","",IFERROR(IMAGE(N57,4,48,48),"")) | M57: =IF(B57="","",IFERROR(VLOOKUP(B57,'Team Lineups'!$A$2:$Q$123,17,FALSE),"")) -> https://inazuma-eleven.fandom.com/wiki/Occult | N57: https://static.wikia.nocookie.net/inazuma-eleven/images/c/c0/(O)_Hitogata_Gen_sprite.png/revision/latest | O57: Inazuma Eleven Wiki · (O) Hitogata Gen sprite.png · generated filename | P57: Candidate URL — confirmed team prefix; filename/image not verified
... A60: Makai Takao | B60: Occult | C60: Japan | D60: 68 | E60: MF | F60: Original / Season 1 | G60: Roster sourced; position/OVR estimated | H60: FALSE | I60: FALSE | J60: TRUE | K60: FALSE | L60: =IF(N60="","",IFERROR(IMAGE(N60,4,48,48),"")) | M60: =IF(B60="","",IFERROR(VLOOKUP(B60,'Team Lineups'!$A$2:$Q$123,17,FALSE),"")) -> https://inazuma-eleven.fandom.com/wiki/Occult | N60: https://static.wikia.nocookie.net/inazuma-eleven/images/8/81/(O)_Makai_Takao_sprite.png/revision/latest | O60: Inazuma Eleven Wiki · (O) Makai Takao sprite.png · generated filename | P60: Candidate URL — confirmed team prefix; filename/image not verified
A61: Inokuchi Hyougo | B61: Nose | C61: Japan | D61: 70 | E61: GK | F61: Original / Season 1 | G61: Roster source checked; rating/position suggested | H61: TRUE | I61: FALSE | J61: FALSE | K61: FALSE | L61: =IF(N61="","",IFERROR(IMAGE(N61,4,48,48),"")) | M61: =IF(B61="","",IFERROR(VLOOKUP(B61,'Team Lineups'!$A$2:$Q$123,17,FALSE),"")) -> https://inazuma-eleven.fandom.com/wiki/Nose | N61: https://static.wikia.nocookie.net/inazuma-eleven/images/7/78/%28N%29_Inokuchi_Hyougo_sprite.png/revision/latest?cb=20230910110825 | O61: Inazuma Eleven Wiki · (N) Inokuchi Hyougo sprite.png | P61: Exact user-supplied wiki sprite | Q61: https://inazuma-eleven.fandom.com/wiki/Inokuchi_Hyougo
A62: Torii Ryouta | B62: Nose | C62: Japan | D62: 81 | E62: DF | F62: Original / Season 1 | G62: Roster source checked; rating/position suggested | H62: FALSE | I62: TRUE | J62: FALSE | K62: FALSE | L62: =IF(N62="","",IFERROR(IMAGE(N62,4,48,48),"")) | M62: =IF(B62="","",IFERROR(VLOOKUP(B62,'Team Lineups'!$A$2:$Q$123,17,FALSE),"")) -> https://inazuma-eleven.fandom.com/wiki/Nose | N62: https://static.wikia.nocookie.net/inazuma-eleven/images/3/3c/(N)_Torii_Ryouta_sprite.png/revision/latest | O62: Inazuma Eleven Wiki · (N) Torii Ryouta sprite.png · generated filename | P62: Candidate URL — confirmed team prefix; filename/image not verified
A63: Uozumi Takuto | B63: Nose | C63: Japan | D63: 72 | E63: DF | F63: Original / Season 1 | G63: Roster source checked; rating/position suggested | H63: FALSE | I63: TRUE | J63: FALSE | K63: FALSE | L63: =IF(N63="","",IFERROR(IMAGE(N63,4,48,48),"")) | M63: =IF(B63="","",IFERROR(VLOOKUP(B63,'Team Lineups'!$A$2:$Q$123,17,FALSE),"")) -> https://inazuma-eleven.fandom.com/wiki/Nose | N63: https://static.wikia.nocookie.net/inazuma-eleven/images/b/b4/(N)_Uozumi_Takuto_sprite.png/revision/latest | O63: Inazuma Eleven Wiki · (N) Uozumi Takuto sprite.png · generated filename | P63: Candidate URL — confirmed team prefix; filename/image not verified
A64: Kaeruda Tatsuhito | B64: Nose | C64: Japan | D64: 73 | E64: DF | F64: Original / Season 1 | G64: Roster source checked; rating/position suggested | H64: FALSE | I64: TRUE | J64: FALSE | K64: FALSE | L64: =IF(N64="","",IFERROR(IMAGE(N64,4,48,48),"")) | M64: =IF(B64="","",IFERROR(VLOOKUP(B64,'Team Lineups'!$A$2:$Q$123,17,FALSE),"")) -> https://inazuma-eleven.fandom.com/wiki/Nose | N64: https://static.wikia.nocookie.net/inazuma-eleven/images/6/65/(N)_Kaeruda_Tatsuhito_sprite.png/revision/latest | O64: Inazuma Eleven Wiki · (N) Kaeruda Tatsuhito sprite.png · generated filename | P64: Candidate URL — confirmed team prefix; filename/image not verified
A65: Shishiou Kou | B65: Nose | C65: Japan | D65: 74 | E65: DF | F65: Original / Season 1 | G65: Roster source checked; rating/position suggested | H65: FALSE | I65: TRUE | J65: FALSE | K65: FALSE | L65: =IF(N65="","",IFERROR(IMAGE(N65,4,48,48),"")) | M65: =IF(B65="","",IFERROR(VLOOKUP(B65,'Team Lineups'!$A$2:$Q$123,17,FALSE),"")) -> https://inazuma-eleven.fandom.com/wiki/Nose | N65: https://static.wikia.nocookie.net/inazuma-eleven/images/7/7c/(N)_Shishiou_Kou_sprite.png/revision/latest | O65: Inazuma Eleven Wiki · (N) Shishiou Kou sprite.png · generated filename | P65: Candidate URL — confirmed team prefix; filename/image not verified
A66: Kame Leon | B66: Nose | C66: Japan | D66: 75 | E66: MF | F66: Original / Season 1 | G66: Roster source checked; rating/position suggested | H66: FALSE | I66: FALSE | J66: TRUE | K66: FALSE | L66: =IF(N66="","",IFERROR(IMAGE(N66,4,48,48),"")) | M66: =IF(B66="","",IFERROR(VLOOKUP(B66,'Team Lineups'!$A$2:$Q$123,17,FALSE),"")) -> https://inazuma-eleven.fandom.com/wiki/Nose | N66: https://static.wikia.nocookie.net/inazuma-eleven/images/4/47/(N)_Kame_Leon_sprite.png/revision/latest | O66: Inazuma Eleven Wiki · (N) Kame Leon sprite.png · generated filename | P66: Candidate URL — confirmed team prefix; filename/image not verified
A67: Oowashi Seiji | B67: Nose | C67: Japan | D67: 76 | E67: MF | F67: Original / Season 1 | G67: Roster source checked; rating/position suggested | H67: FALSE | I67: FALSE | J67: TRUE | K67: FALSE | L67: =IF(N67="","",IFERROR(IMAGE(N67,4,48,48),"")) | M67: =IF(B67="","",IFERROR(VLOOKUP(B67,'Team Lineups'!$A$2:$Q$123,17,FALSE),"")) -> https://inazuma-eleven.fandom.com/wiki/Nose | N67: https://static.wikia.nocookie.net/inazuma-eleven/images/7/72/(N)_Oowashi_Seiji_sprite.png/revision/latest | O67: Inazuma Eleven Wiki · (N) Oowashi Seiji sprite.png · generated filename | P67: Candidate URL — confirmed team prefix; filename/image not verified
A68: Saruta Noboru | B68: Nose | C68: Japan | D68: 70 | E68: MF | F68: Original / Season 1 | G68: Roster source checked; rating/position suggested | H68: FALSE | I68: FALSE | J68: TRUE | K68: FALSE | L68: =IF(N68="","",IFERROR(IMAGE(N68,4,48,48),"")) | M68: =IF(B68="","",IFERROR(VLOOKUP(B68,'Team Lineups'!$A$2:$Q$123,17,FALSE),"")) -> https://inazuma-eleven.fandom.com/wiki/Nose | N68: https://static.wikia.nocookie.net/inazuma-eleven/images/d/de/(N)_Saruta_Noboru_sprite.png/revision/latest | O68: Inazuma Eleven Wiki · (N) Saruta Noboru sprite.png · generated filename | P68: Candidate URL — confirmed team prefix; filename/image not verified
A69: Gori Shingo | B69: Nose | C69: Japan | D69: 71 | E69: OF | F69: Original / Season 1 | G69: Roster source checked; rating/position suggested | H69: FALSE | I69: FALSE | J69: FALSE | K69: TRUE | L69: =IF(N69="","",IFERROR(IMAGE(N69,4,48,48),"")) | M69: =IF(B69="","",IFERROR(VLOOKUP(B69,'Team Lineups'!$A$2:$Q$123,17,FALSE),"")) -> https://inazuma-eleven.fandom.com/wiki/Nose | N69: https://static.wikia.nocookie.net/inazuma-eleven/images/8/8e/(N)_Gori_Shingo_sprite.png/revision/latest | O69: Inazuma Eleven Wiki · (N) Gori Shingo sprite.png · generated filename | P69: Candidate URL — confirmed team prefix; filename/image not verified
A70: Hebimaru Shouma | B70: Nose | C70: Japan | D70: 72 | E70: OF | F70: Original / Season 1 | G70: Roster source checked; rating/position suggested | H70: FALSE | I70: FALSE | J70: FALSE | K70: TRUE | L70: =IF(N70="","",IFERROR(IMAGE(N70,4,48,48),"")) | M70: =IF(B70="","",IFERROR(VLOOKUP(B70,'Team Lineups'!$A$2:$Q$123,17,FALSE),"")) -> https://inazuma-eleven.fandom.com/wiki/Nose | N70: https://static.wikia.nocookie.net/inazuma-eleven/images/a/a0/(N)_Hebimaru_Shouma_sprite.png/revision/latest | O70: Inazuma Eleven Wiki · (N) Hebimaru Shouma sprite.png · generated filename | P70: Candidate URL — confirmed team prefix; filename/image not verified
A71: Suizenji Chiita | B71: Nose | C71: Japan | D71: 84 | E71: OF | F71: Original / Season 1 | G71: Roster source checked; rating/position suggested | H71: FALSE | I71: FALSE | J71: FALSE | K71: TRUE | L71: =IF(N71="","",IFERROR(IMAGE(N71,4,48,48),"")) | M71: =IF(B71="","",IFERROR(VLOOKUP(B71,'Team Lineups'!$A$2:$Q$123,17,FALSE),"")) -> https://inazuma-eleven.fandom.com/wiki/Nose | N71: https://static.wikia.nocookie.net/inazuma-eleven/images/9/9c/(N)_Suizenji_Chiita_sprite.png/revision/latest | O71: Inazuma Eleven Wiki · (N) Suizenji Chiita sprite.png · generated filename | P71: Candidate URL — confirmed team prefix; filename/image not verified
A72: Ushio Kuuya | B72: Nose | C72: Japan | D72: 74 | E72: GK, DF | F72: Original / Season 1 | G72: Roster source checked; rating/position suggested | H72: TRUE | I72: TRUE | J72: FALSE | K72: FALSE | L72: =IF(N72="","",IFERROR(IMAGE(N72,4,48,48),"")) | M72: =IF(B72="","",IFERROR(VLOOKUP(B72,'Team Lineups'!$A$2:$Q$123,17,FALSE),"")) -> https://inazuma-eleven.fandom.com/wiki/Nose | N72: https://static.wikia.nocookie.net/inazuma-eleven/images/1/11/(N)_Ushio_Kuuya_sprite.png/revision/latest | O72: Inazuma Eleven Wiki · (N) Ushio Kuuya sprite.png · generated filename | P72: Candidate URL — confirmed team prefix; filename/image not verified
A73: Koara Noboru | B73: Nose | C73: Japan | D73: 75 | E73: MF | F73: Original / Season 1 | G73: Roster source checked; rating/position suggested | H73: FALSE | I73: FALSE | J73: TRUE | K73: FALSE | L73: =IF(N73="","",IFERROR(IMAGE(N73,4,48,48),"")) | M73: =IF(B73="","",IFERROR(VLOOKUP(B73,'Team Lineups'!$A$2:$Q$123,17,FALSE),"")) -> https://inazuma-eleven.fandom.com/wiki/Nose | N73: https://static.wikia.nocookie.net/inazuma-eleven/images/b/bd/(N)_Koara_Noboru_sprite.png/revision/latest | O73: Inazuma Eleven Wiki · (N) Koara Noboru sprite.png · generated filename | P73: Candidate URL — confirmed team prefix; filename/image not verified
... A76: Nezu Mitsuo | B76: Nose | C76: Japan | D76: 71 | E76: MF | F76: Original / Season 1 | G76: Roster source checked; rating/position suggested | H76: FALSE | I76: FALSE | J76: TRUE | K76: FALSE | L76: =IF(N76="","",IFERROR(IMAGE(N76,4,48,48),"")) | M76: =IF(B76="","",IFERROR(VLOOKUP(B76,'Team Lineups'!$A$2:$Q$123,17,FALSE),"")) -> https://inazuma-eleven.fandom.com/wiki/Nose | N76: https://static.wikia.nocookie.net/inazuma-eleven/images/0/0f/(N)_Nezu_Mitsuo_sprite.png/revision/latest | O76: Inazuma Eleven Wiki · (N) Nezu Mitsuo sprite.png · generated filename | P76: Candidate URL — confirmed team prefix; filename/image not verified
A77: Sugimori Takeshi | B77: Mikage Sennou | C77: Japan | D77: 81 | E77: GK | F77: Original / Season 1 | G77: Added (verify team/roster) | H77: TRUE | I77: FALSE | J77: FALSE | K77: FALSE | L77: =IF(N77="","",IFERROR(IMAGE(N77,4,48,48),"")) | M77: =IF(B77="","",IFERROR(VLOOKUP(B77,'Team Lineups'!$A$2:$Q$123,17,FALSE),"")) -> https://inazuma-eleven.fandom.com/wiki/Mikage_Sennou | N77: https://static.wikia.nocookie.net/inazuma-eleven/images/0/0d/%28MS%29_Sugimori_Takeshi_sprite.png/revision/latest?cb=20230910113318 | O77: Inazuma Eleven Wiki · (MS) Sugimori Takeshi sprite.png | P77: Exact user-supplied wiki sprite | Q77: https://inazuma-eleven.fandom.com/wiki/Sugimori_Takeshi
A78: Hiroyama Yuu | B78: Mikage Sennou | C78: Japan | D78: 70 | E78: DF | F78: Original / Season 1 | G78: Roster source checked; rating/position suggested | H78: FALSE | I78: TRUE | J78: FALSE | K78: FALSE | L78: =IF(N78="","",IFERROR(IMAGE(N78,4,48,48),"")) | M78: =IF(B78="","",IFERROR(VLOOKUP(B78,'Team Lineups'!$A$2:$Q$123,17,FALSE),"")) -> https://inazuma-eleven.fandom.com/wiki/Mikage_Sennou | N78: https://static.wikia.nocookie.net/inazuma-eleven/images/0/0c/(MS)_Hiroyama_Yuu_sprite.png/revision/latest | O78: Inazuma Eleven Wiki · (MS) Hiroyama Yuu sprite.png · generated filename | P78: Candidate URL — confirmed team prefix; filename/image not verified
A79: Hanaoka Tsuyoshi | B79: Mikage Sennou | C79: Japan | D79: 71 | E79: DF | F79: Original / Season 1 | G79: Roster source checked; rating/position suggested | H79: FALSE | I79: TRUE | J79: FALSE | K79: FALSE | L79: =IF(N79="","",IFERROR(IMAGE(N79,4,48,48),"")) | M79: =IF(B79="","",IFERROR(VLOOKUP(B79,'Team Lineups'!$A$2:$Q$123,17,FALSE),"")) -> https://inazuma-eleven.fandom.com/wiki/Mikage_Sennou | N79: https://static.wikia.nocookie.net/inazuma-eleven/images/d/d6/(MS)_Hanaoka_Tsuyoshi_sprite.png/revision/latest | O79: Inazuma Eleven Wiki · (MS) Hanaoka Tsuyoshi sprite.png · generated filename | P79: Candidate URL — confirmed team prefix; filename/image not verified
A80: Murobushi Kyou | B80: Mikage Sennou | C80: Japan | D80: 72 | E80: DF | F80: Original / Season 1 | G80: Roster source checked; rating/position suggested | H80: FALSE | I80: TRUE | J80: FALSE | K80: FALSE | L80: =IF(N80="","",IFERROR(IMAGE(N80,4,48,48),"")) | M80: =IF(B80="","",IFERROR(VLOOKUP(B80,'Team Lineups'!$A$2:$Q$123,17,FALSE),"")) -> https://inazuma-eleven.fandom.com/wiki/Mikage_Sennou | N80: https://static.wikia.nocookie.net/inazuma-eleven/images/0/0c/(MS)_Murobushi_Kyou_sprite.png/revision/latest | O80: Inazuma Eleven Wiki · (MS) Murobushi Kyou sprite.png · generated filename | P80: Candidate URL — confirmed team prefix; filename/image not verified
A81: Inada Nori | B81: Mikage Sennou | C81: Japan | D81: 73 | E81: DF | F81: Original / Season 1 | G81: Roster source checked; rating/position suggested | H81: FALSE | I81: TRUE | J81: FALSE | K81: FALSE | L81: =IF(N81="","",IFERROR(IMAGE(N81,4,48,48),"")) | M81: =IF(B81="","",IFERROR(VLOOKUP(B81,'Team Lineups'!$A$2:$Q$123,17,FALSE),"")) -> https://inazuma-eleven.fandom.com/wiki/Mikage_Sennou | N81: https://static.wikia.nocookie.net/inazuma-eleven/images/a/a1/(MS)_Inada_Nori_sprite.png/revision/latest | O81: Inazuma Eleven Wiki · (MS) Inada Nori sprite.png · generated filename | P81: Candidate URL — confirmed team prefix; filename/image not verified
A82: Terakawa Iwao | B82: Mikage Sennou | C82: Japan | D82: 74 | E82: MF | F82: Original / Season 1 | G82: Roster source checked; rating/position suggested | H82: FALSE | I82: FALSE | J82: TRUE | K82: FALSE | L82: =IF(N82="","",IFERROR(IMAGE(N82,4,48,48),"")) | M82: =IF(B82="","",IFERROR(VLOOKUP(B82,'Team Lineups'!$A$2:$Q$123,17,FALSE),"")) -> https://inazuma-eleven.fandom.com/wiki/Mikage_Sennou | N82: https://static.wikia.nocookie.net/inazuma-eleven/images/f/f2/(MS)_Terakawa_Iwao_sprite.png/revision/latest | O82: Inazuma Eleven Wiki · (MS) Terakawa Iwao sprite.png · generated filename | P82: Candidate URL — confirmed team prefix; filename/image not verified
A83: Fujimaru Kei | B83: Mikage Sennou | C83: Japan | D83: 75 | E83: MF | F83: Original / Season 1 | G83: Roster source checked; rating/position suggested | H83: FALSE | I83: FALSE | J83: TRUE | K83: FALSE | L83: =IF(N83="","",IFERROR(IMAGE(N83,4,48,48),"")) | M83: =IF(B83="","",IFERROR(VLOOKUP(B83,'Team Lineups'!$A$2:$Q$123,17,FALSE),"")) -> https://inazuma-eleven.fandom.com/wiki/Mikage_Sennou | N83: https://static.wikia.nocookie.net/inazuma-eleven/images/2/2d/(MS)_Fujimaru_Kei_sprite.png/revision/latest | O83: Inazuma Eleven Wiki · (MS) Fujimaru Kei sprite.png · generated filename | P83: Candidate URL — confirmed team prefix; filename/image not verified
A84: Sangou Baku | B84: Mikage Sennou | C84: Japan | D84: 76 | E84: MF | F84: Original / Season 1 | G84: Roster source checked; rating/position suggested | H84: FALSE | I84: FALSE | J84: TRUE | K84: FALSE | L84: =IF(N84="","",IFERROR(IMAGE(N84,4,48,48),"")) | M84: =IF(B84="","",IFERROR(VLOOKUP(B84,'Team Lineups'!$A$2:$Q$123,17,FALSE),"")) -> https://inazuma-eleven.fandom.com/wiki/Mikage_Sennou | N84: https://static.wikia.nocookie.net/inazuma-eleven/images/a/a4/(MS)_Sangou_Baku_sprite.png/revision/latest | O84: Inazuma Eleven Wiki · (MS) Sangou Baku sprite.png · generated filename | P84: Candidate URL — confirmed team prefix; filename/image not verified
A85: Yamagishi Seri | B85: Mikage Sennou | C85: Japan | D85: 81 | E85: MF | F85: Original / Season 1 | G85: Roster source checked; rating/position suggested | H85: FALSE | I85: FALSE | J85: TRUE | K85: FALSE | L85: =IF(N85="","",IFERROR(IMAGE(N85,4,48,48),"")) | M85: =IF(B85="","",IFERROR(VLOOKUP(B85,'Team Lineups'!$A$2:$Q$123,17,FALSE),"")) -> https://inazuma-eleven.fandom.com/wiki/Mikage_Sennou | N85: https://static.wikia.nocookie.net/inazuma-eleven/images/2/26/(MS)_Yamagishi_Seri_sprite.png/revision/latest | O85: Inazuma Eleven Wiki · (MS) Yamagishi Seri sprite.png · generated filename | P85: Candidate URL — confirmed team prefix; filename/image not verified
A86: Oobe Shin | B86: Mikage Sennou | C86: Japan | D86: 69 | E86: OF | F86: Original / Season 1 | G86: Roster source checked; rating/position suggested | H86: FALSE | I86: FALSE | J86: FALSE | K86: TRUE | L86: =IF(N86="","",IFERROR(IMAGE(N86,4,48,48),"")) | M86: =IF(B86="","",IFERROR(VLOOKUP(B86,'Team Lineups'!$A$2:$Q$123,17,FALSE),"")) -> https://inazuma-eleven.fandom.com/wiki/Mikage_Sennou | N86: https://static.wikia.nocookie.net/inazuma-eleven/images/9/9d/(MS)_Oobe_Shin_sprite.png/revision/latest | O86: Inazuma Eleven Wiki · (MS) Oobe Shin sprite.png · generated filename | P86: Candidate URL — confirmed team prefix; filename/image not verified
A87: Shimozuru Arata | B87: Mikage Sennou | C87: Japan | D87: 70 | E87: OF | F87: Original / Season 1 | G87: Roster source checked; rating/position suggested | H87: FALSE | I87: FALSE | J87: FALSE | K87: TRUE | L87: =IF(N87="","",IFERROR(IMAGE(N87,4,48,48),"")) | M87: =IF(B87="","",IFERROR(VLOOKUP(B87,'Team Lineups'!$A$2:$Q$123,17,FALSE),"")) -> https://inazuma-eleven.fandom.com/wiki/Mikage_Sennou | N87: https://static.wikia.nocookie.net/inazuma-eleven/images/a/a1/(MS)_Shimozuru_Arata_sprite.png/revision/latest | O87: Inazuma Eleven Wiki · (MS) Shimozuru Arata sprite.png · generated filename | P87: Candidate URL — confirmed team prefix; filename/image not verified
A88: Mashimo Toboshi | B88: Mikage Sennou | C88: Japan | D88: 71 | E88: GK, MF | F88: Original / Season 1 | G88: Roster source checked; rating/position suggested | H88: TRUE | I88: FALSE | J88: TRUE | K88: FALSE | L88: =IF(N88="","",IFERROR(IMAGE(N88,4,48,48),"")) | M88: =IF(B88="","",IFERROR(VLOOKUP(B88,'Team Lineups'!$A$2:$Q$123,17,FALSE),"")) -> https://inazuma-eleven.fandom.com/wiki/Mikage_Sennou | N88: https://static.wikia.nocookie.net/inazuma-eleven/images/1/18/(MS)_Mashimo_Toboshi_sprite.png/revision/latest | O88: Inazuma Eleven Wiki · (MS) Mashimo Toboshi sprite.png · generated filename | P88: Candidate URL — confirmed team prefix; filename/image not verified
A89: Tsuzuki Shizuka | B89: Mikage Sennou | C89: Japan | D89: 72 | E89: MF | F89: Original / Season 1 | G89: Roster source checked; rating/position suggested | H89: FALSE | I89: FALSE | J89: TRUE | K89: FALSE | L89: =IF(N89="","",IFERROR(IMAGE(N89,4,48,48),"")) | M89: =IF(B89="","",IFERROR(VLOOKUP(B89,'Team Lineups'!$A$2:$Q$123,17,FALSE),"")) -> https://inazuma-eleven.fandom.com/wiki/Mikage_Sennou | N89: https://static.wikia.nocookie.net/inazuma-eleven/images/6/6f/(MS)_Tsuzuki_Shizuka_sprite.png/revision/latest | O89: Inazuma Eleven Wiki · (MS) Tsuzuki Shizuka sprite.png · generated filename | P89: Candidate URL — confirmed team prefix; filename/image not verified
... A92: Mizubuchi Nashi | B92: Mikage Sennou | C92: Japan | D92: 75 | E92: OF | F92: Original / Season 1 | G92: Roster source checked; rating/position suggested | H92: FALSE | I92: FALSE | J92: FALSE | K92: TRUE | L92: =IF(N92="","",IFERROR(IMAGE(N92,4,48,48),"")) | M92: =IF(B92="","",IFERROR(VLOOKUP(B92,'Team Lineups'!$A$2:$Q$123,17,FALSE),"")) -> https://inazuma-eleven.fandom.com/wiki/Mikage_Sennou | N92: https://static.wikia.nocookie.net/inazuma-eleven/images/4/48/(MS)_Mizubuchi_Nashi_sprite.png/revision/latest | O92: Inazuma Eleven Wiki · (MS) Mizubuchi Nashi sprite.png · generated filename | P92: Candidate URL — confirmed team prefix; filename/image not verified
A93: Aidoru Sou | B93: Shuuyou Meito Gakuen | C93: Japan | D93: 69 | E93: GK | F93: Original / Season 1 | G93: Roster source checked; rating/position suggested | H93: TRUE | I93: FALSE | J93: FALSE | K93: FALSE | L93: =IF(N93="","",IFERROR(IMAGE(N93,4,48,48),"")) | M93: =IF(B93="","",IFERROR(VLOOKUP(B93,'Team Lineups'!$A$2:$Q$123,17,FALSE),"")) -> https://inazuma-eleven.fandom.com/wiki/Shuuyou_Meito_Gakuen | N93: https://static.wikia.nocookie.net/inazuma-eleven/images/a/a6/%28SMG%29_Aidoru_Sou_sprite.png/revision/latest?cb=20230912102102 | O93: Inazuma Eleven Wiki · (SMG) Aidoru Sou sprite.png | P93: Exact user-supplied wiki sprite | Q93: https://inazuma-eleven.fandom.com/wiki/Aidoru_Sou
A94: Sujimichi Tetsuo | B94: Shuuyou Meito Gakuen | C94: Japan | D94: 70 | E94: DF | F94: Original / Season 1 | G94: Roster source checked; rating/position suggested | H94: FALSE | I94: TRUE | J94: FALSE | K94: FALSE | L94: =IF(N94="","",IFERROR(IMAGE(N94,4,48,48),"")) | M94: =IF(B94="","",IFERROR(VLOOKUP(B94,'Team Lineups'!$A$2:$Q$123,17,FALSE),"")) -> https://inazuma-eleven.fandom.com/wiki/Shuuyou_Meito_Gakuen | N94: https://static.wikia.nocookie.net/inazuma-eleven/images/5/59/(SMG)_Sujimichi_Tetsuo_sprite.png/revision/latest | O94: Inazuma Eleven Wiki · (SMG) Sujimichi Tetsuo sprite.png · generated filename | P94: Candidate URL — confirmed team prefix; filename/image not verified
A95: Noberu Raito | B95: Shuuyou Meito Gakuen | C95: Japan | D95: 71 | E95: DF | F95: Original / Season 1 | G95: Roster source checked; rating/position suggested | H95: FALSE | I95: TRUE | J95: FALSE | K95: FALSE | L95: =IF(N95="","",IFERROR(IMAGE(N95,4,48,48),"")) | M95: =IF(B95="","",IFERROR(VLOOKUP(B95,'Team Lineups'!$A$2:$Q$123,17,FALSE),"")) -> https://inazuma-eleven.fandom.com/wiki/Shuuyou_Meito_Gakuen | N95: https://static.wikia.nocookie.net/inazuma-eleven/images/8/88/(SMG)_Noberu_Raito_sprite.png/revision/latest | O95: Inazuma Eleven Wiki · (SMG) Noberu Raito sprite.png · generated filename | P95: Candidate URL — confirmed team prefix; filename/image not verified
A96: Muteki Hideo | B96: Shuuyou Meito Gakuen | C96: Japan | D96: 72 | E96: DF | F96: Original / Season 1 | G96: Roster source checked; rating/position suggested | H96: FALSE | I96: TRUE | J96: FALSE | K96: FALSE | L96: =IF(N96="","",IFERROR(IMAGE(N96,4,48,48),"")) | M96: =IF(B96="","",IFERROR(VLOOKUP(B96,'Team Lineups'!$A$2:$Q$123,17,FALSE),"")) -> https://inazuma-eleven.fandom.com/wiki/Shuuyou_Meito_Gakuen | N96: https://static.wikia.nocookie.net/inazuma-eleven/images/4/43/(SMG)_Muteki_Hideo_sprite.png/revision/latest | O96: Inazuma Eleven Wiki · (SMG) Muteki Hideo sprite.png · generated filename | P96: Candidate URL — confirmed team prefix; filename/image not verified
A97: Karisawa Sou | B97: Shuuyou Meito Gakuen | C97: Japan | D97: 73 | E97: DF | F97: Original / Season 1 | G97: Roster source checked; rating/position suggested | H97: FALSE | I97: TRUE | J97: FALSE | K97: FALSE | L97: =IF(N97="","",IFERROR(IMAGE(N97,4,48,48),"")) | M97: =IF(B97="","",IFERROR(VLOOKUP(B97,'Team Lineups'!$A$2:$Q$123,17,FALSE),"")) -> https://inazuma-eleven.fandom.com/wiki/Shuuyou_Meito_Gakuen | N97: https://static.wikia.nocookie.net/inazuma-eleven/images/6/6d/(SMG)_Karisawa_Sou_sprite.png/revision/latest | O97: Inazuma Eleven Wiki · (SMG) Karisawa Sou sprite.png · generated filename | P97: Candidate URL — confirmed team prefix; filename/image not verified
A98: Onra Itsuki | B98: Shuuyou Meito Gakuen | C98: Japan | D98: 74 | E98: MF | F98: Original / Season 1 | G98: Roster source checked; rating/position suggested | H98: FALSE | I98: FALSE | J98: TRUE | K98: FALSE | L98: =IF(N98="","",IFERROR(IMAGE(N98,4,48,48),"")) | M98: =IF(B98="","",IFERROR(VLOOKUP(B98,'Team Lineups'!$A$2:$Q$123,17,FALSE),"")) -> https://inazuma-eleven.fandom.com/wiki/Shuuyou_Meito_Gakuen | N98: https://static.wikia.nocookie.net/inazuma-eleven/images/2/25/(SMG)_Onra_Itsuki_sprite.png/revision/latest | O98: Inazuma Eleven Wiki · (SMG) Onra Itsuki sprite.png · generated filename | P98: Candidate URL — confirmed team prefix; filename/image not verified
A99: Onotomo Haru | B99: Shuuyou Meito Gakuen | C99: Japan | D99: 75 | E99: MF | F99: Original / Season 1 | G99: Roster source checked; rating/position suggested | H99: FALSE | I99: FALSE | J99: TRUE | K99: FALSE | L99: =IF(N99="","",IFERROR(IMAGE(N99,4,48,48),"")) | M99: =IF(B99="","",IFERROR(VLOOKUP(B99,'Team Lineups'!$A$2:$Q$123,17,FALSE),"")) -> https://inazuma-eleven.fandom.com/wiki/Shuuyou_Meito_Gakuen | N99: https://static.wikia.nocookie.net/inazuma-eleven/images/4/4b/(SMG)_Onotomo_Haru_sprite.png/revision/latest | O99: Inazuma Eleven Wiki · (SMG) Onotomo Haru sprite.png · generated filename | P99: Candidate URL — confirmed team prefix; filename/image not verified
A100: Robo Gouki | B100: Shuuyou Meito Gakuen | C100: Japan | D100: 76 | E100: MF | F100: Original / Season 1 | G100: Roster source checked; rating/position suggested | H100: FALSE | I100: FALSE | J100: TRUE | K100: FALSE | L100: =IF(N100="","",IFERROR(IMAGE(N100,4,48,48),"")) | M100: =IF(B100="","",IFERROR(VLOOKUP(B100,'Team Lineups'!$A$2:$Q$123,17,FALSE),"")) -> https://inazuma-eleven.fandom.com/wiki/Shuuyou_Meito_Gakuen | N100: https://static.wikia.nocookie.net/inazuma-eleven/images/3/3a/(SMG)_Robo_Gouki_sprite.png/revision/latest | O100: Inazuma Eleven Wiki · (SMG) Robo Gouki sprite.png · generated filename | P100: Candidate URL — confirmed team prefix; filename/image not verified
A101: Geimu Konomu | B101: Shuuyou Meito Gakuen | C101: Japan | D101: 81 | E101: MF | F101: Original / Season 1 | G101: Roster source checked; rating/position suggested | H101: FALSE | I101: FALSE | J101: TRUE | K101: FALSE | L101: =IF(N101="","",IFERROR(IMAGE(N101,4,48,48),"")) | M101: =IF(B101="","",IFERROR(VLOOKUP(B101,'Team Lineups'!$A$2:$Q$123,17,FALSE),"")) -> https://inazuma-eleven.fandom.com/wiki/Shuuyou_Meito_Gakuen | N101: https://static.wikia.nocookie.net/inazuma-eleven/images/0/01/(SMG)_Geimu_Konomu_sprite.png/revision/latest | O101: Inazuma Eleven Wiki · (SMG) Geimu Konomu sprite.png · generated filename | P101: Candidate URL — confirmed team prefix; filename/image not verified
A102: Manga Moe | B102: Shuuyou Meito Gakuen | C102: Japan | D102: 73 | E102: MF | F102: Original / Season 1 | G102: Added (verify team/roster) | H102: FALSE | I102: FALSE | J102: TRUE | K102: FALSE | L102: =IF(N102="","",IFERROR(IMAGE(N102,4,48,48),"")) | M102: =IF(B102="","",IFERROR(VLOOKUP(B102,'Team Lineups'!$A$2:$Q$123,17,FALSE),"")) -> https://inazuma-eleven.fandom.com/wiki/Shuuyou_Meito_Gakuen | N102: https://static.wikia.nocookie.net/inazuma-eleven/images/e/e0/(SMG)_Manga_Moe_sprite.png/revision/latest | O102: Inazuma Eleven Wiki · (SMG) Manga Moe sprite.png · generated filename | P102: Candidate URL — confirmed team prefix; filename/image not verified
A103: Akeido Tatsuhito | B103: Shuuyou Meito Gakuen | C103: Japan | D103: 70 | E103: OF | F103: Original / Season 1 | G103: Roster source checked; rating/position suggested | H103: FALSE | I103: FALSE | J103: FALSE | K103: TRUE | L103: =IF(N103="","",IFERROR(IMAGE(N103,4,48,48),"")) | M103: =IF(B103="","",IFERROR(VLOOKUP(B103,'Team Lineups'!$A$2:$Q$123,17,FALSE),"")) -> https://inazuma-eleven.fandom.com/wiki/Shuuyou_Meito_Gakuen | N103: https://static.wikia.nocookie.net/inazuma-eleven/images/e/e8/(SMG)_Akeido_Tatsuhito_sprite.png/revision/latest | O103: Inazuma Eleven Wiki · (SMG) Akeido Tatsuhito sprite.png · generated filename | P103: Candidate URL — confirmed team prefix; filename/image not verified
A104: Touma Souta | B104: Shuuyou Meito Gakuen | C104: Japan | D104: 73 | E104: OF | F104: Original / Season 1 | G104: Roster source checked; rating/position suggested | H104: FALSE | I104: FALSE | J104: FALSE | K104: TRUE | L104: =IF(N104="","",IFERROR(IMAGE(N104,4,48,48),"")) | M104: =IF(B104="","",IFERROR(VLOOKUP(B104,'Team Lineups'!$A$2:$Q$123,17,FALSE),"")) -> https://inazuma-eleven.fandom.com/wiki/Shuuyou_Meito_Gakuen | N104: https://static.wikia.nocookie.net/inazuma-eleven/images/5/55/(SMG)_Touma_Souta_sprite.png/revision/latest | O104: Inazuma Eleven Wiki · (SMG) Touma Souta sprite.png · generated filename | P104: Candidate URL — confirmed team prefix; filename/image not verified
A105: Kiuchi Tsutomu | B105: Shuuyou Meito Gakuen | C105: Japan | D105: 71 | E105: MF | F105: Original / Season 1 | G105: Roster source checked; rating/position suggested | H105: FALSE | I105: FALSE | J105: TRUE | K105: FALSE | L105: =IF(N105="","",IFERROR(IMAGE(N105,4,48,48),"")) | M105: =IF(B105="","",IFERROR(VLOOKUP(B105,'Team Lineups'!$A$2:$Q$123,17,FALSE),"")) -> https://inazuma-eleven.fandom.com/wiki/Shuuyou_Meito_Gakuen | N105: https://static.wikia.nocookie.net/inazuma-eleven/images/5/5b/(SMG)_Kiuchi_Tsutomu_sprite.png/revision/latest | O105: Inazuma Eleven Wiki · (SMG) Kiuchi Tsutomu sprite.png · generated filename | P105: Candidate URL — confirmed team prefix; filename/image not verified
... A108: Netto Saguri | B108: Shuuyou Meito Gakuen | C108: Japan | D108: 75 | E108: DF | F108: Original / Season 1 | G108: Roster source checked; rating/position suggested | H108: FALSE | I108: TRUE | J108: FALSE | K108: FALSE | L108: =IF(N108="","",IFERROR(IMAGE(N108,4,48,48),"")) | M108: =IF(B108="","",IFERROR(VLOOKUP(B108,'Team Lineups'!$A$2:$Q$123,17,FALSE),"")) -> https://inazuma-eleven.fandom.com/wiki/Shuuyou_Meito_Gakuen | N108: https://static.wikia.nocookie.net/inazuma-eleven/images/8/8f/(SMG)_Netto_Saguri_sprite.png/revision/latest | O108: Inazuma Eleven Wiki · (SMG) Netto Saguri sprite.png · generated filename | P108: Candidate URL — confirmed team prefix; filename/image not verified
...

Sheet README
A1: INAZUMA ELEVEN — ANIME ROSTER EDITOR
A2: Coverage | B2: Ina7 live: 122 teams, 1,728 player-team memberships. Raimon now lists the original team, with Second Raimon separately; user-edited positions, aliases, and lineups are synced. Some image and emblem references remain provisional.
A3: Important | B3: Some entries/club assignments need verification; check 'Verification' column before using as canon.
A4: One row per team membership | B4: The same character can appear on different teams; each team membership and uniform remains a distinct row.
A5: Rating | B5: Suggested fictional 1–99 values, NOT game/anime official stats.
A6: Positions | B6: Only GK, DF, MF and OF. Comma-separated positions allow eligible multi-role players. OVR and some roles are fictional estimates.
A7: Position toggles | B7: Roster H–K = GK / DF / MF / OF flags. Keep these consistent with the comma-separated Positions column.
A8: Google Sheets multi-select | B8: Edit only GK/DF/MF/OF groups in column E; do not use old CB, LB, CM, ST etc as eligible groups.
A9: Nationality | B9: Tentative country/origin of the team, not verified personal citizenship; adjust per character.
A10: Sync to game | B10: Changes in this Google Sheet do not automatically update the bundled browser game. Download the full workbook as .xlsx; a new game build can incorporate the updated data.
A11: Scope | B11: 121 anime teams, including Young Inazuma separately from Raimon OB and 12 new Chrono Stone / movie teams. Game-only/temporary-exclusive players excluded from new squads.
B12: 122 anime team entries. Original Raimon retains its original-era roster; Second Raimon is a distinct anime team, and B Team (Raimon) remains separate. Three Fubuki forms are recorded under one canonical identity.
A13: Team Lineups | B13: 121 playable starting XIs. Some portraits and emblems remain unverified FilePath candidates; user-supplied exact sprites preserved.
B14: All team lineups repaired to use 11 legal positions after player TRUE/FALSE position edits; unverified portrait and emblem links are labelled.
B15: Export the full Google Sheet as one .xlsx workbook to reuse in the game importer when a future browser-game rebuild is requested. Separate CSV exports may not preserve tabs.
B16: FFI sprites: (TK) The Kingdom, (RM) Red Matador, (RG) Rose Griffon, and (B) Brockenborg. Three links were supplied directly; other generated CDN links need visual verification.
A18: ADDITIONS AUDIT | B18: GO / Ares / Orion expansion added 44 teams (18 GO, 11 Ares, 15 Orion). Original-series expansion added 17 before 3 were removed later. Badges are now populated for every remaining team using wiki emblem catalog names or prior user-provided URLs.
A19: Dropdown acceptance | B19: Extend the Roster native table 'Ina7RosterChips' Team DROPDOWN options (not only cell validation) and table range when needed. Confirm all team chips are valid.
A20: Player formatting | B20: Preserve the existing row styles, rating colors, team/nationality/arc/verification options, and GK/DF/MF/OF flags. Keep the Canonical Name identical for alternate appearances of the same character.
A21: Portraits and sources | B21: Roster M, N, O, P contain exact or candidate wiki image URL, source, verification status, and wiki filename; Portrait Gallery E/F are synchronized. User-provided confirmed images preserved. Match the jersey/team version, including nonpixelated images when suitable.
A22: Team setup | B22: Add Team Lineups badge URL and preview, roster-correct starting XI, formation/style, and preserve formation/style validations.
A23: Refresh the game | B23: Use .xlsx export and rebuild the packaged HTML game's embedded roster and lineups. Sheet editing alone does not change the shipped standalone browser game.
A24: ORIGINAL-SERIES ADDITIONS | B24: 14 original-series expansion teams remain after removing Aka Gumi, Shiro Gumi and Erabareta 11nin; all corresponding Roster, Portrait Gallery and Team Lineups rows have been deleted.
A26: Portrait status — October 2026 | B26: Team Wiki Page columns in Roster R and Portrait Gallery G reference Team Lineups. Team portrait URLs require visual verification where marked provisional. Deleted teams no longer appear.
A27: Portrait audit: confidence | B27: Only links with cited wiki sprite filenames are high-confidence candidates. Other inferred paths are explicitly labeled PROVISIONAL in Roster Sprite verification (O); a nonempty URL is not proof that a portrait loads or is the correct costume.
A28: Portrait audit: next step | B28: Verify rendered images for all provisional links, replace incorrect/broken URLs with exact images from each player's team's wiki page; retain team-specific sprites and align Portrait Gallery.
A29: Photo source workflow | B29: For team additions, collect team wiki page, exact team-character sprite image filename/URL, maintain portrait IMAGE formulas and gallery; never present inferred filenames as verified.
A31: CURRENT TEAM CLEANUP STATUS | B31: Original team removals remain applied (Aka Gumi, Shiro Gumi, Erabareta 11nin). 108 teams, 1,549 memberships, zero Gallery alignment errors, all starting XIs validated.
... A41: 2026-10-15 INDEX EVIDENCE | B41: Catalog references: https://inazuma-eleven.fandom.com/wiki/Category:Galaxy_sprites and https://inazuma-eleven.fandom.com/wiki/Category:Victory_Road_sprites. Exact filenames recorded in Roster P; CDN asset display remains to be checked.

Sheet Portrait Gallery
A1: Portrait | B1: Player | C1: Team | D1: OVR | E1: Image source | F1: Portrait URL | G1: Team Wiki Page
A2: =IF(F2="","",IFERROR(IMAGE(F2,4,48,48),"")) | B2: Endou Mamoru | C2: Raimon | D2: 94 | E2: Inazuma Eleven Wiki · (R IE2-IE3) Endou Mamoru sprite.png | F2: https://static.wikia.nocookie.net/inazuma-eleven/images/3/32/(R_IE2-IE3)_Endou_Mamoru_sprite.png/revision/latest | G2: =IF(C2="","",IFERROR(VLOOKUP(C2,'Team Lineups'!$A$2:$Q$123,17,FALSE),"")) -> https://inazuma-eleven.fandom.com/wiki/Raimon
A3: =IF(F3="","",IFERROR(IMAGE(F3,4,48,48),"")) | B3: Kazemaru Ichirouta | C3: Raimon | D3: 87 | E3: Inazuma Eleven Wiki · (R IE2-IE3) Kazemaru Ichirouta sprite.png | F3: https://static.wikia.nocookie.net/inazuma-eleven/images/7/72/(R_IE2-IE3)_Kazemaru_Ichirouta_sprite.png/revision/latest | G3: =IF(C3="","",IFERROR(VLOOKUP(C3,'Team Lineups'!$A$2:$Q$123,17,FALSE),"")) -> https://inazuma-eleven.fandom.com/wiki/Raimon
A4: =IF(F4="","",IFERROR(IMAGE(F4,4,48,48),"")) | B4: Kabeyama Heigorou | C4: Raimon | D4: 84 | E4: Inazuma Eleven Wiki · (R IE2-IE3) Kabeyama Heigorou sprite.png | F4: https://static.wikia.nocookie.net/inazuma-eleven/images/b/ba/(R_IE2-IE3)_Kabeyama_Heigorou_sprite.png/revision/latest | G4: =IF(C4="","",IFERROR(VLOOKUP(C4,'Team Lineups'!$A$2:$Q$123,17,FALSE),"")) -> https://inazuma-eleven.fandom.com/wiki/Raimon
A5: =IF(F5="","",IFERROR(IMAGE(F5,4,48,48),"")) | B5: Kageno Jin | C5: Raimon | D5: 76 | E5: Inazuma Eleven Wiki · (R IE2-IE3) Kageno Jin sprite.png | F5: https://static.wikia.nocookie.net/inazuma-eleven/images/9/9b/(R_IE2-IE3)_Kageno_Jin_sprite.png/revision/latest | G5: =IF(C5="","",IFERROR(VLOOKUP(C5,'Team Lineups'!$A$2:$Q$123,17,FALSE),"")) -> https://inazuma-eleven.fandom.com/wiki/Raimon
A6: =IF(F6="","",IFERROR(IMAGE(F6,4,48,48),"")) | B6: Kurimatsu Teppei | C6: Raimon | D6: 79 | E6: Inazuma Eleven Wiki · (R IE2-IE3) Kurimatsu Teppei sprite.png | F6: https://static.wikia.nocookie.net/inazuma-eleven/images/9/97/(R_IE2-IE3)_Kurimatsu_Teppei_sprite.png/revision/latest | G6: =IF(C6="","",IFERROR(VLOOKUP(C6,'Team Lineups'!$A$2:$Q$123,17,FALSE),"")) -> https://inazuma-eleven.fandom.com/wiki/Raimon
A7: =IF(F7="","",IFERROR(IMAGE(F7,4,48,48),"")) | B7: Handa Shinichi | C7: Raimon | D7: 77 | E7: Inazuma Eleven Wiki · (R IE2-IE3) Handa Shinichi sprite.png | F7: https://static.wikia.nocookie.net/inazuma-eleven/images/0/04/(R_IE2-IE3)_Handa_Shinichi_sprite.png/revision/latest | G7: =IF(C7="","",IFERROR(VLOOKUP(C7,'Team Lineups'!$A$2:$Q$123,17,FALSE),"")) -> https://inazuma-eleven.fandom.com/wiki/Raimon
A8: =IF(F8="","",IFERROR(IMAGE(F8,4,48,48),"")) | B8: Shourinji Ayumu | C8: Raimon | D8: 76 | E8: Inazuma Eleven Wiki · (R IE2-IE3) Shourinji Ayumu sprite.png | F8: https://static.wikia.nocookie.net/inazuma-eleven/images/4/41/(R_IE2-IE3)_Shourinji_Ayumu_sprite.png/revision/latest | G8: =IF(C8="","",IFERROR(VLOOKUP(C8,'Team Lineups'!$A$2:$Q$123,17,FALSE),"")) -> https://inazuma-eleven.fandom.com/wiki/Raimon
A9: =IF(F9="","",IFERROR(IMAGE(F9,4,48,48),"")) | B9: Shishido Sakichi | C9: Raimon | D9: 75 | E9: Inazuma Eleven Wiki · (R IE2-IE3) Shishido Sakichi sprite.png | F9: https://static.wikia.nocookie.net/inazuma-eleven/images/5/58/(R_IE2-IE3)_Shishido_Sakichi_sprite.png/revision/latest | G9: =IF(C9="","",IFERROR(VLOOKUP(C9,'Team Lineups'!$A$2:$Q$123,17,FALSE),"")) -> https://inazuma-eleven.fandom.com/wiki/Raimon
A10: =IF(F10="","",IFERROR(IMAGE(F10,4,48,48),"")) | B10: Matsuno Kuusuke | C10: Raimon | D10: 79 | E10: Inazuma Eleven Wiki · (R IE2-IE3) Matsuno Kuusuke sprite.png | F10: https://static.wikia.nocookie.net/inazuma-eleven/images/9/91/(R_IE2-IE3)_Matsuno_Kuusuke_sprite.png/revision/latest | G10: =IF(C10="","",IFERROR(VLOOKUP(C10,'Team Lineups'!$A$2:$Q$123,17,FALSE),"")) -> https://inazuma-eleven.fandom.com/wiki/Raimon
A11: =IF(F11="","",IFERROR(IMAGE(F11,4,48,48),"")) | B11: Gouenji Shuuya | C11: Raimon | D11: 95 | E11: Inazuma Eleven Wiki · (R IE2-IE3) Gouenji Shuuya sprite.png | F11: https://static.wikia.nocookie.net/inazuma-eleven/images/b/b8/(R_IE2-IE3)_Gouenji_Shuuya_sprite.png/revision/latest | G11: =IF(C11="","",IFERROR(VLOOKUP(C11,'Team Lineups'!$A$2:$Q$123,17,FALSE),"")) -> https://inazuma-eleven.fandom.com/wiki/Raimon
A12: =IF(F12="","",IFERROR(IMAGE(F12,4,48,48),"")) | B12: Someoka Ryuugo | C12: Raimon | D12: 84 | E12: Inazuma Eleven Wiki · (R IE2-IE3) Someoka Ryuugo sprite.png | F12: https://static.wikia.nocookie.net/inazuma-eleven/images/7/72/(R_IE2-IE3)_Someoka_Ryuugo_sprite.png/revision/latest | G12: =IF(C12="","",IFERROR(VLOOKUP(C12,'Team Lineups'!$A$2:$Q$123,17,FALSE),"")) -> https://inazuma-eleven.fandom.com/wiki/Raimon
A13: =IF(F13="","",IFERROR(IMAGE(F13,4,48,48),"")) | B13: Megane Kakeru | C13: Raimon | D13: 68 | E13: Inazuma Eleven Wiki · (R IE2-IE3) Megane Kakeru sprite.png | F13: https://static.wikia.nocookie.net/inazuma-eleven/images/2/2b/(R_IE2-IE3)_Megane_Kakeru_sprite.png/revision/latest | G13: =IF(C13="","",IFERROR(VLOOKUP(C13,'Team Lineups'!$A$2:$Q$123,17,FALSE),"")) -> https://inazuma-eleven.fandom.com/wiki/Raimon
... A1729: =IF(F1729="","",IFERROR(IMAGE(F1729,4,48,48),"")) | B1729: Megane Kakeru | C1729: Second Raimon | D1729: 68 | E1729: Verified direct image reference from Raimon; Second Raimon uniform variant not independently confirmed | F1729: https://static.wikia.nocookie.net/inazuma-eleven/images/2/2b/(R_IE2-IE3)_Megane_Kakeru_sprite.png/revision/latest | G1729: =IF(C1729="","",IFERROR(VLOOKUP(C1729,'Team Lineups'!$A$2:$Q$123,17,FALSE),"")) -> https://inazuma-eleven.fandom.com/wiki/Second_Raimon

Sheet Team Lineups
A1: Team | B1: Badge Preview | C1: Formation | D1: Style | E1: Status | F1: Slot 1 | G1: Slot 2 | H1: Slot 3 | I1: Slot 4 | J1: Slot 5 | K1: Slot 6 | L1: Slot 7 | M1: Slot 8 | N1: Slot 9 | O1: Slot 10 | P1: Slot 11 | Q1: Source / Notes | R1: Badge URL | S1: Badge status / source
A2: Raimon | B2: =IF(R2="","",IFERROR(IMAGE(R2,4,56,56),"")) | C2: 4-3-3 | D2: Joga Bonito | E2: Ready · 11 legal players | F2: GK: Endou Mamoru | G2: LB: Kazemaru Ichirouta | H2: LCB: Kabeyama Heigorou | I2: RCB: Domon Asuka | J2: RB: Kurimatsu Teppei | K2: LCM: Kidou Yuuto | L2: CCM: Ichinose Kazuya | M2: RCM: Handa Shinichi | N2: LW: Gouenji Shuuya | O2: ST: Someoka Ryuugo | P2: RW: Matsuno Kuusuke | Q2: https://inazuma-eleven.fandom.com/wiki/Raimon | R2: https://static.wikia.nocookie.net/inazuma-eleven/images/d/d0/Raimon_emblem.png/revision/latest | S2: Provisional wiki file mapping; image not checked
A3: Second Raimon | B3: =IF(R3="","",IFERROR(IMAGE(R3,4,56,56),"")) | C3: 4-3-3 | D3: Joga Bonito | E3: Ready · 11 legal anime members + reserves | F3: GK: Endou Mamoru | G3: LB: Kazemaru Ichirouta | H3: LCB: Kabeyama Heigorou | I3: RCB: Domon Asuka | J3: RB: Kurimatsu Teppei | K3: LCM: Kidou Yuuto | L3: CCM: Ichinose Kazuya | M3: RCM: Zaizen Touko | N3: LW: Gouenji Shuuya | O3: ST: Fubuki Shirou ("Atsuya") | P3: RW: Someoka Ryuugo | Q3: https://inazuma-eleven.fandom.com/wiki/Second_Raimon | R3: https://static.wikia.nocookie.net/inazuma-eleven/images/8/89/Second_Raimon_emblem_%28S%29.png/revision/latest?cb=20220301184145 | S3: Exact user-provided Second Raimon emblem URL
A4: Raimon A Team | B4: =IF(R4="","",IFERROR(IMAGE(R4,4,56,56),"")) | C4: 5-3-2 | D4: Joga Bonito | E4: Ready · original eleven | F4: GK: Endou Mamoru | G4: LWB: Kazemaru Ichirouta | H4: LCB: Kabeyama Heigorou | I4: CCB: Kageno Jin | J4: RCB: Shourinji Ayumu | K4: RWB: Kurimatsu Teppei | L4: LCM: Handa Shinichi | M4: CM: Shishido Sakichi | N4: RCM: Matsuno Kuusuke | O4: LST: Gouenji Shuuya | P4: RST: Someoka Ryuugo | Q4: https://inazuma-eleven.fandom.com/wiki/Raimon | R4: https://static.wikia.nocookie.net/inazuma-eleven/images/d/d0/Raimon_emblem.png/revision/latest | S4: Same badge as original Raimon; team-specific entry
A5: Teikoku Gakuen | B5: =IF(R5="","",IFERROR(IMAGE(R5,4,56,56),"")) | C5: 5-3-2 | D5: Catenaccio | E5: Ready · 11 legal players | F5: GK: Genda Koujirou | G5: LWB: Henmi Wataru | H5: LCB: Banjou Kazumichi | I5: CCB: Gojou Masaru | J5: RCB: Doumen Shuuichirou | K5: RWB: Oono Densuke | L5: LCM: Kidou Yuuto | M5: CM: Fudou Akio | N5: RCM: Sakiyama Shuuji | O5: LST: Sakuma Jirou | P5: RST: Jimon Daiki | Q5: https://inazuma-eleven.fandom.com/wiki/Teikoku_Gakuen | R5: https://static.wikia.nocookie.net/inazuma-eleven/images/3/34/Teikoku_Gakuen_emblem.png/revision/latest | S5: Provisional wiki file mapping; image not checked
A6: Occult | B6: =IF(R6="","",IFERROR(IMAGE(R6,4,56,56),"")) | C6: 3-5-2 | D6: Counter-Attacking | E6: Ready · 11 legal players | F6: GK: Nata Juuzou | G6: LCB: Sanzu Wataru | H6: CCB: Yanagida Shigeru | I6: RCB: Furan Ken | J6: LM: Yuukoku Hiroyuki | K6: LCM: Shikabane Fujimi | L6: CAM: Reigen Michihisa | M6: RCM: Kinoi Mami | N6: RM: Yatsuhaka Tataru | O6: LST: Tsukimura Kenichi | P6: RST: Burado Kiba | Q6: https://inazuma-eleven.fandom.com/wiki/Occult | R6: https://static.wikia.nocookie.net/inazuma-eleven/images/d/dd/Occult_emblem.png/revision/latest | S6: Provisional wiki file mapping; image not checked
A7: Nose | B7: =IF(R7="","",IFERROR(IMAGE(R7,4,56,56),"")) | C7: 4-3-3 | D7: Direct Football | E7: Ready · 11 legal players | F7: GK: Inokuchi Hyougo | G7: LB: Torii Ryouta | H7: LCB: Shishiou Kou | I7: RCB: Ushio Kuuya | J7: RB: Kaeruda Tatsuhito | K7: LCM: Oowashi Seiji | L7: CCM: Kame Leon | M7: RCM: Koara Noboru | N7: LW: Suizenji Chiita | O7: ST: Pan Takeo | P7: RW: Hebimaru Shouma | Q7: https://inazuma-eleven.fandom.com/wiki/Nose | R7: https://static.wikia.nocookie.net/inazuma-eleven/images/b/b3/Nose_emblem.png/revision/latest | S7: Provisional wiki file mapping; image not checked
A8: Mikage Sennou | B8: =IF(R8="","",IFERROR(IMAGE(R8,4,56,56),"")) | C8: 4-4-2 | D8: Tiki-Taka | E8: Ready · 11 legal players | F8: GK: Sugimori Takeshi | G8: LB: Inada Nori | H8: LCB: Murobushi Kyou | I8: RCB: Hanaoka Tsuyoshi | J8: RB: Hiroyama Yuu | K8: LM: Yamagishi Seri | L8: LCM: Sangou Baku | M8: RCM: Fujimaru Kei | N8: RM: Terakawa Iwao | O8: LST: Mizubuchi Nashi | P8: RST: Nagatomo Sou | Q8: https://inazuma-eleven.fandom.com/wiki/Mikage_Sennou | R8: https://static.wikia.nocookie.net/inazuma-eleven/images/b/b7/Mikage_Sennou_emblem.png/revision/latest | S8: Provisional wiki file mapping; image not checked
A9: Shuuyou Meito Gakuen | B9: =IF(R9="","",IFERROR(IMAGE(R9,4,56,56),"")) | C9: 4-4-2 | D9: Joga Bonito | E9: Ready · 11 position-eligible players | F9: GK: Aidoru Sou | G9: LB: Karisawa Sou | H9: LCB: Muteki Hideo | I9: RCB: Noberu Raito | J9: RB: Sujimichi Tetsuo | K9: LM: Geimu Konomu | L9: LCM: Robo Gouki | M9: RCM: Onotomo Haru | N9: RM: Onra Itsuki | O9: LST: Touma Souta | P9: RST: Akeido Tatsuhito | Q9: https://inazuma-eleven.fandom.com/wiki/Shuuyou_Meito_Gakuen | R9: https://static.wikia.nocookie.net/inazuma-eleven/images/d/d4/Shuuyou_Meito_Gakuen_emblem.png/revision/latest | S9: Provisional wiki file mapping; image not checked
A10: Sengoku Igajima | B10: =IF(R10="","",IFERROR(IMAGE(R10,4,56,56),"")) | C10: 3-4-3 | D10: Counter-Attacking | E10: Ready · 11 position-eligible players | F10: GK: Momochi Santa | G10: LCB: Ishikawa Goeta | H10: CCB: Jiraiya Gamasuke | I10: RCB: Kousaka Jin | J10: LM: Yagyuu Juurou | K10: LCM: Fuuma Koheita | L10: RCM: Sarutobi Sanosuke | M10: RM: Kouga Gen | N10: LW: Kirigakure Saiji | O10: ST: Hachiya Yasaburou | P10: RW: Ideura Kiyomori | Q10: https://inazuma-eleven.fandom.com/wiki/Sengoku_Igajima | R10: https://static.wikia.nocookie.net/inazuma-eleven/images/9/9c/Sengoku_Igajima_emblem.png/revision/latest | S10: Provisional wiki file mapping; image not checked
A11: Senbayama | B11: =IF(R11="","",IFERROR(IMAGE(R11,4,56,56),"")) | C11: 3-4-3 | D11: Catenaccio | E11: Ready · 11 position-eligible players | F11: GK: Makiya Hiroshi | G11: LCB: Shiotani Hiro | H11: CCB: Serizawa Kazunori | I11: RCB: Sumino Eisuke | J11: LM: Harano Tooru | K11: LCM: Oogoi Noboru | L11: RCM: Ikui Shouji | M11: RM: Yamane You | N11: LW: Tanushimaru Shigeki | O11: ST: Fukui Sakuhei | P11: RW: Negami Daichi | Q11: https://inazuma-eleven.fandom.com/wiki/Senbayama | R11: https://static.wikia.nocookie.net/inazuma-eleven/images/e/e8/Senbayama_emblem.png/revision/latest | S11: Provisional wiki file mapping; image not checked
A12: Kidokawa Seishuu | B12: =IF(R12="","",IFERROR(IMAGE(R12,4,56,56),"")) | C12: 4-3-3 | D12: Direct Football | E12: Ready · 11 legal players | F12: GK: Nanzan Yowami | G12: LB: Nishigaki Mamoru | H12: LCB: Kurobe Ritsuki | I12: RCB: Megawa Akihi | J12: RB: Mitsumune Dan | K12: LCM: Tobiyama Dan | L12: CCM: Yakata Naoto | M12: RCM: Mogi Sakito | N12: LW: Mukata Masaru | O12: ST: Mukata Tomo | P12: RW: Mukata Tsutomu | Q12: https://inazuma-eleven.fandom.com/wiki/Kidokawa_Seishuu | R12: https://static.wikia.nocookie.net/inazuma-eleven/images/a/ad/Kidokawa_Seishuu_emblem.png/revision/latest | S12: Provisional wiki file mapping; image not checked
A13: Zeus | B13: =IF(R13="","",IFERROR(IMAGE(R13,4,56,56),"")) | C13: 4-4-2 | D13: Tiki-Taka | E13: Ready · 11 legal players | F13: GK: Poseidon | G13: LB: Ares | H13: LCB: Heracles | I13: RCB: Dio | J13: RB: Hephais | K13: LM: Aphrodi | L13: LCM: Hera | M13: RCM: Hermes | N13: RM: Athena | O13: LST: Demeter | P13: RST: Apollon | Q13: https://inazuma-eleven.fandom.com/wiki/Zeus | R13: https://static.wikia.nocookie.net/inazuma-eleven/images/e/e0/Zeus_emblem.png/revision/latest | S13: Provisional wiki file mapping; image not checked
... A123: Young Inazuma | B123: =IF(R123="","",IFERROR(IMAGE(R123,4,56,56),"")) | C123: 5-3-2 | D123: Catenaccio | E123: Ready · 11 anime-documented prime-era players | F123: GK: Hibiki Seigou | G123: LWB: Ukishima Kazuto | H123: LCB: Kamimura Kirito | I123: CCB: Aida Chikara | J123: RCB: Batora Manabu | K123: RWB: Nakama You | L123: LCM: Ikari Gengorou | M123: CM: Teira Tamotsu | N123: RCM: Tamiyama You | O123: LST: Sugata Iwao | P123: RST: Biruda Kouichi | Q123: https://inazuma-eleven.fandom.com/wiki/Young_Inazuma | R123: https://static.wikia.nocookie.net/inazuma-eleven/images/b/ba/Young_Inazuma_emblem_%28VR%29.png/revision/latest?cb=20251118144157 | S123: Exact user-provided Young Inazuma emblem

Sheet Formation Templates
A1: Formation | B1: Slot order | C1: Position label | D1: Position group | E1: X % | F1: Y %
A2: 4-3-3 | B2: 1 | C2: GK | D2: GK | E2: 50 | F2: 90
A3: 4-3-3 | B3: 2 | C3: LB | D3: DF | E3: 15 | F3: 72
A4: 4-3-3 | B4: 3 | C4: LCB | D4: DF | E4: 38 | F4: 75
A5: 4-3-3 | B5: 4 | C5: RCB | D5: DF | E5: 62 | F5: 75
A6: 4-3-3 | B6: 5 | C6: RB | D6: DF | E6: 85 | F6: 72
A7: 4-3-3 | B7: 6 | C7: LCM | D7: MF | E7: 24 | F7: 48
A8: 4-3-3 | B8: 7 | C8: CCM | D8: MF | E8: 50 | F8: 53
A9: 4-3-3 | B9: 8 | C9: RCM | D9: MF | E9: 76 | F9: 48
A10: 4-3-3 | B10: 9 | C10: LW | D10: OF | E10: 20 | F10: 24
A11: 4-3-3 | B11: 10 | C11: ST | D11: OF | E11: 50 | F11: 19
A12: 4-3-3 | B12: 11 | C12: RW | D12: OF | E12: 80 | F12: 24
... A89: 4-2-4 | B89: 11 | C89: RW | D89: OF | E89: 87 | F89: 22
